name,free_bikes,empty_slots,city,country,position
Calumet Ave & 21st St,1,14,Chicago,Usa,5
Greenwood Ave & 47th St,11,4,Chicago,Usa,5
Public Rack - Eli Whitney Public School,0,1,Chicago,Usa,5
Loomis St & 89th St,6,9,Chicago,Usa,5
Walsh Park,18,2,Chicago,Usa,5
Public Rack - Central Ave & Congress Pkwy,0,2,Chicago,Usa,5
Public Rack - Fullerton Ave & Narragansett Ave,0,1,Chicago,Usa,5
Cottage Grove Ave & 71st St,0,11,Chicago,Usa,5
Public Rack - Central Park Ave & Fillmore St,0,1,Chicago,Usa,5
Major Taylor Trail & 115th St,1,14,Chicago,Usa,5
Wacker Dr & Washington St Corral,0,42,Chicago,Usa,5
Nordica Ave & Medill Ave,2,12,Chicago,Usa,5
Artesian Ave & 55th St,3,12,Chicago,Usa,5
Eckhart Park,8,8,Chicago,Usa,5
Milwaukee Ave & Cuyler Ave,3,7,Chicago,Usa,5
Indiana Ave & 40th St,5,6,Chicago,Usa,5
Public Rack - Bishop St & 46th St,0,1,Chicago,Usa,5
Public Rack - Back of the Yards Park,0,1,Chicago,Usa,5
Public Rack - Kolin Ave & Archer Ave,0,2,Chicago,Usa,5
Manor Ave & Leland Ave,7,3,Chicago,Usa,5
Public Rack - Hoyne Ave & 51st St,0,2,Chicago,Usa,5
Rhodes Ave & 32nd St,5,4,Chicago,Usa,5
Public Rack - Baltimore Ave & 132nd St,0,1,Chicago,Usa,5
Pulaski Rd & Ann Lurie Pl,1,9,Chicago,Usa,5
Public Rack - St Louis Ave & Flournoy St,0,1,Chicago,Usa,5
Public Rack - Menard Ave & Dakin St - midblock,1,1,Chicago,Usa,5
Panama Ave & Grace St,7,3,Chicago,Usa,5
Milwaukee Ave & Fullerton Ave,7,6,Chicago,Usa,5
Public Rack - Western Ave & 116th St,0,1,Chicago,Usa,5
Public Rack - Cicero Ave & Altgeld St,0,2,Chicago,Usa,5
Public Rack - 111th St - Morgan Park Metra,0,2,Chicago,Usa,5
Public Rack - Kingston Ave & 75th St,0,1,Chicago,Usa,5
Rockwell St & Fletcher St,9,0,Chicago,Usa,5
Public Rack - Albany Ave & 63rd St,0,0,Chicago,Usa,5
Central Ave & Harrison St,0,10,Chicago,Usa,5
Public Rack - Morgan St & 103rd St,0,2,Chicago,Usa,5
Public Rack - Drexel Ave & 87th St,0,1,Chicago,Usa,5
Addison/Sheffield SW Corral,0,120,Chicago,Usa,5
Public Rack - King Dr & 71st St,0,2,Chicago,Usa,5
Public Rack - Springfield & 79th,0,2,Chicago,Usa,5
Clark St & Schreiber Ave,10,3,Chicago,Usa,5
Wood St & Hubbard St,3,15,Chicago,Usa,5
Western Ave & Lake St,0,8,Chicago,Usa,5
Public Rack - Karlov Ave & 26th St,0,1,Chicago,Usa,5
Leavitt St & Addison St,7,6,Chicago,Usa,5
Public Rack - Cumberland & Catherine,0,1,Chicago,Usa,5
May St & Taylor St,3,9,Chicago,Usa,5
Public Rack - Cicero Ave & Cortland St - midblock,1,1,Chicago,Usa,5
Public Rack - Kedzie Ave & 58th St,0,2,Chicago,Usa,5
Wallace St & 28th St,8,4,Chicago,Usa,5
Troy St & North Ave,7,8,Chicago,Usa,5
LaSalle St & Jackson Blvd,0,35,Chicago,Usa,5
Franklin St & Monroe St,4,43,Chicago,Usa,5
Prairie Ave & Garfield Blvd,4,7,Chicago,Usa,5
Public Rack - Mason Ave & Roosevelt Rd,1,0,Chicago,Usa,5
Daley Center Plaza,11,48,Chicago,Usa,5
Public Rack - Sangamon St & 87th St,0,1,Chicago,Usa,5
Kedzie Ave & Leland Ave,1,12,Chicago,Usa,5
Broadway & Thorndale Ave,4,13,Chicago,Usa,5
Hastings LWS,5,0,Chicago,Usa,5
Public Rack - Langley Ave & 79th St,1,1,Chicago,Usa,5
Public Rack - Nagle Ave & Belmont Ave,1,0,Chicago,Usa,5
The Salt Shed,0,23,Chicago,Usa,5
Vincennes Ave & 75th St,4,3,Chicago,Usa,5
Kedzie Ave & 104th St,4,4,Chicago,Usa,5
Karlov Ave & Lawrence Ave,0,15,Chicago,Usa,5
Seeley Ave & Garfield Blvd,5,6,Chicago,Usa,5
Pine Ave & Division St,7,7,Chicago,Usa,5
Cicero Ave & Wrightwood Ave,1,12,Chicago,Usa,5
Hyacinth Ave & Milwaukee Ave,2,9,Chicago,Usa,5
Kenton Ave & Madison St,3,8,Chicago,Usa,5
Rockwell St & Cermak Rd,2,10,Chicago,Usa,5
Broadway & Argyle St,6,12,Chicago,Usa,5
Public Rack - McVicker & 52nd,0,2,Chicago,Usa,5
Fairfield Ave & 44th St,4,11,Chicago,Usa,5
Public Rack - Damen & 81st,0,2,Chicago,Usa,5
Public Rack - Central Park Ave & Fulton Blvd,0,2,Chicago,Usa,5
Public Rack - Menard Ave & Madison St,0,2,Chicago,Usa,5
Torrence Ave & 106th St,0,15,Chicago,Usa,5
Public Rack - Parnell Ave & 103rd St,0,1,Chicago,Usa,5
Cicero Ave & Wellington Ave,0,13,Chicago,Usa,5
Laramie Ave & Madison St,0,11,Chicago,Usa,5
Public Rack - Pulaski Rd & 15th St,1,0,Chicago,Usa,5
Public Rack - Mackinaw Ave & 85th St,0,1,Chicago,Usa,5
Winthrop Ave & Lawrence Ave,3,12,Chicago,Usa,5
Public Rack - Forest Glen Station ,0,4,Chicago,Usa,5
Public Rack - Loomis Blvd & 83rd St,0,1,Chicago,Usa,5
Kimball Ave & Belmont Ave,7,8,Chicago,Usa,5
Malcolm X College,2,16,Chicago,Usa,5
Laramie Ave & Gladys Ave,4,7,Chicago,Usa,5
Honore St & Division St,4,8,Chicago,Usa,5
Burnham Harbor,14,2,Chicago,Usa,5
Troy Ave & 27th St,1,10,Chicago,Usa,5
Damen Ave & 59th St,2,9,Chicago,Usa,5
Kildare Ave & 26th St,0,15,Chicago,Usa,5
Wood St & 84th St,4,11,Chicago,Usa,5
Avers Ave & Belmont Ave,2,8,Chicago,Usa,5
Rush St & Hubbard St,2,20,Chicago,Usa,5
Elston Ave & Henderson St,0,11,Chicago,Usa,5
Peoria St & Kinzie St,6,12,Chicago,Usa,5
Central Park & Augusta Blvd,3,7,Chicago,Usa,5
Public Rack - Pullman - Ross Dress for Less,0,1,Chicago,Usa,5
Kostner Ave & Bryn Mawr Ave,3,11,Chicago,Usa,5
Kildare Ave & 47th St,2,13,Chicago,Usa,5
Dan Ryan Woods & 83rd St,6,5,Chicago,Usa,5
Public Rack - Nordica Ave & Addison St,0,1,Chicago,Usa,5
Public Rack - Kedzie Ave & 54th St - SE,0,1,Chicago,Usa,5
Public Rack - Northwest Hwy & Bryn Mawr,0,2,Chicago,Usa,5
Public Rack - Pulaski Rd & Stevens Ave,0,2,Chicago,Usa,5
Major Taylor Trail & 111th St,3,11,Chicago,Usa,5
Public Rack - La Moyne Ave and Leamington Ave,0,2,Chicago,Usa,5
Ellis Ave & 55th St,1,17,Chicago,Usa,5
Public Rack - Peterson Ave & Milwaukee Ave,0,1,Chicago,Usa,5
Eggleston Ave & 111th St,4,8,Chicago,Usa,5
Harding Ave & Division St,2,13,Chicago,Usa,5
Avondale Ave & Irving Park Rd,0,19,Chicago,Usa,5
Blue Island Ave & 18th St,8,7,Chicago,Usa,5
Oconto Ave & Belmont Ave,6,6,Chicago,Usa,5
Commercial Ave & 100th St,3,12,Chicago,Usa,5
Eastlake Ter & Howard St,5,8,Chicago,Usa,5
Public Rack - California Ave & Touhy Ave - NW,0,1,Chicago,Usa,5
Southport Ave & Wrightwood Ave,4,10,Chicago,Usa,5
Public Rack - Melvina Ave & Belmont Ave,0,1,Chicago,Usa,5
Public Rack - Prairie Ave & 85th St,0,2,Chicago,Usa,5
Public Rack - Normandy Ave & Raven St,0,3,Chicago,Usa,5
Public Rack - Halsted St & 41st St,0,1,Chicago,Usa,5
S Aberdeen St & W 106th St,5,0,Chicago,Usa,5
Public Rack - Piotrowski Park,0,2,Chicago,Usa,5
Halsted St & 69th St,2,9,Chicago,Usa,5
Public Rack - Harding Ave & 47th St,0,0,Chicago,Usa,5
Public Rack - Minuteman Park,0,3,Chicago,Usa,5
Public Rack - Honore St & 87th St,0,1,Chicago,Usa,5
Racine Ave & Randolph St,5,12,Chicago,Usa,5
Public Rack - Torrence Ave  & 106th St,0,1,Chicago,Usa,5
Hamlin Ave & Grand Ave,0,12,Chicago,Usa,5
Michigan Ave & 18th St,7,13,Chicago,Usa,5
Damen Ave & 33rd St,1,6,Chicago,Usa,5
Maplewood Ave & 59th St,3,9,Chicago,Usa,5
Dearborn St & Monroe St,0,32,Chicago,Usa,5
Public Rack - Hiawatha Park,0,1,Chicago,Usa,5
Public Rack - Pulaski & Rosemont,0,2,Chicago,Usa,5
California Ave & North Ave,7,3,Chicago,Usa,5
Michigan Ave & 114th St,11,4,Chicago,Usa,5
Public Rack - Austin Blvd & North Ave,4,0,Chicago,Usa,5
Public Rack - Pulaski Rd & Lake St,0,1,Chicago,Usa,5
Public Rack - Kedzie Ave & Walnut St,0,1,Chicago,Usa,5
Stony Island Ave & 90th St,3,12,Chicago,Usa,5
St Louis Ave & Norman Bobbins Pl,1,14,Chicago,Usa,5
McCormick Place,18,5,Chicago,Usa,5
Vincennes Ave & 104th St,8,7,Chicago,Usa,5
Public Rack - Chase Ave & Touhy Ave - NE,0,4,Chicago,Usa,5
Public Rack - Lawndale & 63rd St,0,1,Chicago,Usa,5
Public Rack - Normal Blvd & 61st Pl,0,2,Chicago,Usa,5
Princeton Ave & 95th St,4,12,Chicago,Usa,5
Public Rack - Bernard St & Foster Ave,0,4,Chicago,Usa,5
Racine Ave & 35th St,9,3,Chicago,Usa,5
Washtenaw Ave & Lawrence Ave,4,8,Chicago,Usa,5
Public Rack - Champlain Ave & 65th St,2,0,Chicago,Usa,5
Public Rack - Devon Ave & Minnehaha Ave (west),0,2,Chicago,Usa,5
Central & Elston,5,6,Chicago,Usa,5
Clark St & Drummond Pl,17,2,Chicago,Usa,5
Mies van der Rohe Way & Chicago Ave,1,12,Chicago,Usa,5
Wentworth Ave & 33rd St,3,12,Chicago,Usa,5
State St & 45th St,1,14,Chicago,Usa,5
Phillips Ave & 83rd St,3,8,Chicago,Usa,5
Western Ave & Berteau Ave,1,4,Chicago,Usa,5
Kingsbury St & Erie St,3,16,Chicago,Usa,5
Public Rack - Parnell Ave & 119th St,0,1,Chicago,Usa,5
Public Rack - Milwaukee Ave & Pensacola Ave,0,2,Chicago,Usa,5
Michigan Ave & Oak St,13,4,Chicago,Usa,5
Public Rack - Western Ave & 111th St - SE,0,1,Chicago,Usa,5
Greenview Ave & Jarvis Ave,3,16,Chicago,Usa,5
Public Rack - Marshfield Ave & 45th St,0,1,Chicago,Usa,5
Public Rack - Devon Ave & Central Ave,0,2,Chicago,Usa,5
Public Rack - Albany Ave & 103rd St,0,1,Chicago,Usa,5
Public Rack - California & 71st,0,4,Chicago,Usa,5
Public Rack - May St & 63rd St,0,1,Chicago,Usa,5
Mayfield Ave & Roosevelt Rd,7,8,Chicago,Usa,5
Loomis Blvd & 84th St,0,15,Chicago,Usa,5
Public Rack - Peoria St & 60th St,0,2,Chicago,Usa,5
Public Rack - Foster Ave & Drake Ave,0,2,Chicago,Usa,5
Public Rack - Touhy Ave & Oconto Ave,0,4,Chicago,Usa,5
Public Rack - Buffalo Ave & 89th St,0,1,Chicago,Usa,5
Morgan St & Hubbard St,11,4,Chicago,Usa,5
Public Rack - St Louis & Columbus,0,2,Chicago,Usa,5
Racine Ave & Fullerton Ave,5,12,Chicago,Usa,5
MLK Jr Dr & 83rd St,3,8,Chicago,Usa,5
Public Rack - Menard Ave & Grand Ave,1,0,Chicago,Usa,5
Stewart Ave & 123rd St,2,14,Chicago,Usa,5
Columbus Dr & Randolph St,5,40,Chicago,Usa,5
Stony Island Ave & 67th St,5,5,Chicago,Usa,5
Public Rack - Brandon Ave & 91st St,0,1,Chicago,Usa,5
Sheridan Rd & Greenleaf Ave,3,12,Chicago,Usa,5
Dodge Ave & Mulford St,12,2,Chicago,Usa,5
Elizabeth St & Randolph St,3,7,Chicago,Usa,5
Laramie Ave & Addison St,3,12,Chicago,Usa,5
Campbell Ave & Montrose Ave,2,12,Chicago,Usa,5
Ashland Ave & Division St,5,14,Chicago,Usa,5
Public Rack - The Montessori School of Englewood,0,2,Chicago,Usa,5
Public Rack - Elston Ave & Kenneth Ave,0,2,Chicago,Usa,5
Public Rack - Hiawatha Ave & Minnehaha Ave,0,4,Chicago,Usa,5
Maplewood Ave & Peterson Ave,3,8,Chicago,Usa,5
Clark St & Elmdale Ave,3,11,Chicago,Usa,5
Public Rack - Homan Ave & Lake St,0,2,Chicago,Usa,5
Halsted St & Dickens Ave,14,4,Chicago,Usa,5
Sheffield Ave & Webster Ave,7,11,Chicago,Usa,5
2112 W Peterson Ave,1,9,Chicago,Usa,5
Constance Ave & 95th St,4,10,Chicago,Usa,5
Public Rack - Natoma Ave & Bryn Mawr Ave,0,2,Chicago,Usa,5
Field Museum,20,32,Chicago,Usa,5
Public Rack - Meade Ave & Archer Ave,0,2,Chicago,Usa,5
Leamington Ave & Hirsch St,1,13,Chicago,Usa,5
Public Rack - Keating & Peterson,0,2,Chicago,Usa,5
Lavergne Ave & Lawrence Ave,0,15,Chicago,Usa,5
Public Rack - Milwaukee Ave & Higgins Ave,0,4,Chicago,Usa,5
Franklin St & Jackson Blvd,9,28,Chicago,Usa,5
Public Rack - Chase Ave & Touhy Ave - NW,0,1,Chicago,Usa,5
Wells St & Walton St,0,18,Chicago,Usa,5
Public Rack - N. Oakview and W. Gregory St,0,2,Chicago,Usa,5
Western Ave & Grace St,0,12,Chicago,Usa,5
Public Rack - William Rainey Harper High School,0,2,Chicago,Usa,5
Larrabee St & Clybourn Ave,1,13,Chicago,Usa,5
Public Rack - Monticello & Lawrence,0,2,Chicago,Usa,5
Public Rack - 83rd Pl & Kedzie Ave S,0,2,Chicago,Usa,5
Blackstone Ave & 59th St,8,10,Chicago,Usa,5
Woodlawn Ave & 75th St,9,1,Chicago,Usa,5
MLK Jr Dr & 63rd St,2,9,Chicago,Usa,5
Halsted St & 47th Pl,3,8,Chicago,Usa,5
Rockwell St & 57th St,10,5,Chicago,Usa,5
Public Rack - Kostner Ave & Diversey Ave,0,1,Chicago,Usa,5
Larrabee St & Webster Ave,7,8,Chicago,Usa,5
Public Rack - Al Raby School,0,3,Chicago,Usa,5
Springfield Ave & 47th St,3,9,Chicago,Usa,5
Public Rack - Wood St & 103rd St,0,1,Chicago,Usa,5
Homan Ave & 77th St,3,12,Chicago,Usa,5
Racine Ave & 13th St,4,10,Chicago,Usa,5
Albany Ave & Douglas Blvd,2,10,Chicago,Usa,5
Peterson/Ridge Metra,5,12,Chicago,Usa,5
Lowell Ave & Armitage Ave,4,11,Chicago,Usa,5
Homan Ave & Fillmore St,1,10,Chicago,Usa,5
Paulina Ave & 87th St,1,14,Chicago,Usa,5
Western Ave & Monroe St,5,10,Chicago,Usa,5
N Green St & W Lake St,0,2,Chicago,Usa,5
Public Rack - Ewing Ave & 96th St N,0,1,Chicago,Usa,5
Public Rack - Horner & 85th,0,2,Chicago,Usa,5
Shabbona Park,15,0,Chicago,Usa,5
Wood St & 35th St,6,4,Chicago,Usa,5
Public Rack - Peterson Ave & Drake Ave,1,1,Chicago,Usa,5
Public Rack - Michigan Ave & 121st St,0,1,Chicago,Usa,5
Public Rack - 63rd St and Natoma Ave,0,2,Chicago,Usa,5
Michigan Ave & 71st St,4,3,Chicago,Usa,5
Public Rack - Octavia Ave & Touhy Ave,0,1,Chicago,Usa,5
State St & Pershing Rd,1,10,Chicago,Usa,5
University Ave & 65th St,4,5,Chicago,Usa,5
Keystone Ave & Montrose Ave,1,10,Chicago,Usa,5
Major Ave & Bloomingdale Ave,3,9,Chicago,Usa,5
Public Rack - Eggleston Ave & 114th St,0,2,Chicago,Usa,5
Public Rack - Western Ave & 92nd Pl,1,0,Chicago,Usa,5
Public Rack - Kostner Ave & Wrightwood Ave,0,9,Chicago,Usa,5
Wood St & Webster Ave,15,4,Chicago,Usa,5
Public Rack - Ewing Ave & 99th St,0,2,Chicago,Usa,5
Greenview Ave & Fullerton Ave,0,13,Chicago,Usa,5
Ashland Ave & Grand Ave,7,5,Chicago,Usa,5
California Ave & Lake St,5,6,Chicago,Usa,5
Lincoln Ave & Peterson Ave,5,9,Chicago,Usa,5
Archer (Damen) Ave & 37th St,3,8,Chicago,Usa,5
Public Rack - Irving Park Rd & Melvina Ave,0,4,Chicago,Usa,5
Public Rack - Hamlin Ave & Montrose Ave,1,1,Chicago,Usa,5
Public Rack - Buffalo Ave & 133rd St,0,2,Chicago,Usa,5
Kilbourn Ave & Irving Park Rd,5,6,Chicago,Usa,5
Archer Ave & Wentworth Ave,1,10,Chicago,Usa,5
Public Rack - Pulaski & Ardmore,0,2,Chicago,Usa,5
Public Rack - Forrestville Ave & 47th St,0,1,Chicago,Usa,5
Exchange Ave & 79th St,3,7,Chicago,Usa,5
Central Ave & Chicago Ave,2,9,Chicago,Usa,5
Public Rack - Mackinaw Ave & 108th St,0,1,Chicago,Usa,5
Cicero Ave & Quincy St,3,8,Chicago,Usa,5
Kilbourn Ave & Roscoe St,0,15,Chicago,Usa,5
Hoyne Ave & 34th St,0,15,Chicago,Usa,5
Public Rack - Brainerd Park,0,2,Chicago,Usa,5
Canal St & Taylor St,2,12,Chicago,Usa,5
Peoria St & Jackson Blvd,2,14,Chicago,Usa,5
Wacker Dr & Washington St,0,19,Chicago,Usa,5
Public Rack - Pullman Community Center,0,0,Chicago,Usa,5
Public Rack - Troy & 111th St,0,1,Chicago,Usa,5
Racine Ave & 61st St,2,5,Chicago,Usa,5
Calumet Ave & 51st St,6,5,Chicago,Usa,5
Public Rack - St Louis Ave & Berteau Ave,0,1,Chicago,Usa,5
Public Rack - Keeler Ave & 26th St,0,0,Chicago,Usa,5
Austin Blvd & Chicago Ave,4,3,Chicago,Usa,5
Public Rack - Talman Ave & 51st St,0,2,Chicago,Usa,5
Griffin Museum of Science and Industry,7,11,Chicago,Usa,5
Union Ave & Root St,8,3,Chicago,Usa,5
Sacramento Blvd & Fulton Ave,0,11,Chicago,Usa,5
Wabash Ave & 16th St,23,6,Chicago,Usa,5
Public Rack - Halsted St & 94th St,0,1,Chicago,Usa,5
Burley Ave & 85th St,5,10,Chicago,Usa,5
Ashland Ave & 66th St,0,7,Chicago,Usa,5
Public Rack - Ford City Mall,0,2,Chicago,Usa,5
Public Rack - Halsted St & 95th St - SE,0,3,Chicago,Usa,5
Indiana Ave & 133rd St,6,10,Chicago,Usa,5
California Ave & Touhy Ave,1,10,Chicago,Usa,5
Public Rack - Kildare Ave & Washignton Blvd,0,1,Chicago,Usa,5
Spaulding Ave & Division St,5,3,Chicago,Usa,5
Sawyer Ave & Irving Park Rd,4,11,Chicago,Usa,5
Public Rack - Homan Ave & 62nd Pl,0,1,Chicago,Usa,5
Lamon Ave & Chicago Ave,1,14,Chicago,Usa,5
Public Rack - 63rd St & Meade Ave,0,2,Chicago,Usa,5
Meade Ave & Fullerton Ave,3,9,Chicago,Usa,5
Public Rack - Kildare Ave & North Ave,0,1,Chicago,Usa,5
Public Rack - Lawndale Ave & Diversey Ave,0,0,Chicago,Usa,5
Halsted St & 73rd St,3,11,Chicago,Usa,5
Public Rack - Lemont Ave & Keating Ave,0,7,Chicago,Usa,5
Clark St & Schiller St,10,5,Chicago,Usa,5
Clark/Newport Corral,0,120,Chicago,Usa,5
Public Rack - Lowe Ave & 119th St,0,1,Chicago,Usa,5
Chicago Ave & Sheridan Rd,0,15,Chicago,Usa,5
Public Rack - Kenton Ave & Palmer St,1,0,Chicago,Usa,5
Public Rack - Western Ave & 107th St,0,1,Chicago,Usa,5
Public Rack - Oakley Ave & 50th Pl,0,1,Chicago,Usa,5
Public Rack - 63rd Pl & Narraganssett Ave,4,4,Chicago,Usa,5
St Louis Ave & 59th St,1,14,Chicago,Usa,5
Public Rack - Honore St & 87th St - SE,0,1,Chicago,Usa,5
Meade Ave & Addison St,5,9,Chicago,Usa,5
Midway Orange Line,0,23,Chicago,Usa,5
Woodlawn Ave & Lake Park Ave,4,11,Chicago,Usa,5
Public Rack - Perry Ave & 111th St,0,1,Chicago,Usa,5
Public Rack - Normal Ave & 72nd St,0,2,Chicago,Usa,5
Western Ave & 101st St,6,10,Chicago,Usa,5
Public Rack - 63rd St and Nagle Ave,0,2,Chicago,Usa,5
Public Rack - Normandy Ave & Archer Ave,0,2,Chicago,Usa,5
Public Rack - Colfax Ave & 83rd St,0,2,Chicago,Usa,5
Public Rack - Ewing Ave & 106th St NW,0,1,Chicago,Usa,5
Central Park Ave & Bloomingdale Ave,1,9,Chicago,Usa,5
Wabash Ave & Roosevelt Rd,2,17,Chicago,Usa,5
Albany Ave & 16th St,0,12,Chicago,Usa,5
Kostner Ave & 63rd St,0,15,Chicago,Usa,5
Public Rack - Central & Leland,1,1,Chicago,Usa,5
Public Rack - Aida Food Market,0,1,Chicago,Usa,5
Francisco Ave & Foster Ave,5,8,Chicago,Usa,5
Franklin St & Adams St ,1,11,Chicago,Usa,5
Public Rack - Langley Ave & Oakwood Blvd,0,2,Chicago,Usa,5
Cottage Grove Ave & 111th Pl,5,9,Chicago,Usa,5
Lincoln Ave & Sunnyside Ave,7,7,Chicago,Usa,5
Public Rack - Western Ave & 47th Pl,0,1,Chicago,Usa,5
Public Rack - Tripp Ave & North Ave,0,2,Chicago,Usa,5
Lavergne Ave & Division St,4,11,Chicago,Usa,5
Public Rack - Ozanam Ave & Devon Ave,0,2,Chicago,Usa,5
Wabash Ave & 59th St,1,13,Chicago,Usa,5
Public Rack - Pulaski Rd & 40th St,0,2,Chicago,Usa,5
Public Rack - Rutherford & 53rd,0,2,Chicago,Usa,5
Greenwood Ave & 97th St,2,12,Chicago,Usa,5
California Ave & Division St,17,2,Chicago,Usa,5
Drake Ave & Addison St,0,14,Chicago,Usa,5
St. Louis & 71st St,1,14,Chicago,Usa,5
Public Rack - Martin Luther King Dr & 44th St,0,2,Chicago,Usa,5
Austin Blvd & Madison St,2,8,Chicago,Usa,5
Broadway & Berwyn Ave,2,12,Chicago,Usa,5
Pulaski Rd & Eddy St,1,10,Chicago,Usa,5
Damen Ave & Thomas St (Augusta Blvd),6,17,Chicago,Usa,5
Stetson Ave & South Water St,0,16,Chicago,Usa,5
Sacramento Ave & Lunt Ave,10,1,Chicago,Usa,5
Public Rack - Jeffery Blvd & 67th St,0,1,Chicago,Usa,5
Public Rack - Cicero Ave & Le Moyne St - midblock,0,1,Chicago,Usa,5
Clark St & Elm St,25,12,Chicago,Usa,5
State St & 33rd St,9,5,Chicago,Usa,5
Public Rack - Wentworth Ave & 103rd St,0,1,Chicago,Usa,5
Avenue O & 118th St,1,14,Chicago,Usa,5
Public Rack - Mozart & 79th,0,2,Chicago,Usa,5
Public Rack - Western Ave & 100th St,0,2,Chicago,Usa,5
Kedzie Ave & 52nd St,6,9,Chicago,Usa,5
Ashland Ave & Archer Ave,7,8,Chicago,Usa,5
Narragansett Ave & School St,6,5,Chicago,Usa,5
Western Ave & Ardmore Ave,2,10,Chicago,Usa,5
Canal St & Jackson Blvd,5,23,Chicago,Usa,5
Public Rack - St Louis & 83rd,0,2,Chicago,Usa,5
Lynch Ave & Elston Ave,5,11,Chicago,Usa,5
Damen Ave & Wellington Ave,3,9,Chicago,Usa,5
Cottage Grove Ave & 67th St,3,7,Chicago,Usa,5
Damen Ave & Clybourn Ave,12,1,Chicago,Usa,5
Damen Ave & Foster Ave,6,7,Chicago,Usa,5
Public Rack - Pulaski Rd & 51st Rd,0,1,Chicago,Usa,5
Green St & Chicago Ave,2,7,Chicago,Usa,5
Public Rack - Washington Park Ct & 51st St,0,2,Chicago,Usa,5
Halsted St & 83rd St,3,13,Chicago,Usa,5
University Ave & 57th St,2,25,Chicago,Usa,5
Public Rack - Harlem and W. 59th,0,2,Chicago,Usa,5
Stony Island Ave & 71st St,7,4,Chicago,Usa,5
Public Rack - Pulaski Rd & Fullerton Ave,0,4,Chicago,Usa,5
Kildare Ave & 85th St (Kostner Ave & 87th St TEMPORARY),1,14,Chicago,Usa,5
Orleans St & Hubbard St,1,10,Chicago,Usa,5
Marine Dr & Ainslie St,2,19,Chicago,Usa,5
Public Rack - Richmond St & Thorndale Ave,0,10,Chicago,Usa,5
63rd St Beach,5,8,Chicago,Usa,5
Campbell Ave & 51st St,2,13,Chicago,Usa,5
Public Rack - Lafayette Ave & 87th St SW,0,0,Chicago,Usa,5
Public Rack - California Ave & Pershing Rd,0,10,Chicago,Usa,5
Halsted St & 104th St,4,11,Chicago,Usa,5
Western Blvd & 48th Pl,2,9,Chicago,Usa,5
Knox Ave & Montrose Ave,1,10,Chicago,Usa,5
Clinton St & Tilden St,15,8,Chicago,Usa,5
Public Rack - Hamilton Ave & 95th St,0,2,Chicago,Usa,5
Dorchester Ave & 49th St,6,8,Chicago,Usa,5
Sheffield Ave & Waveland Ave,0,26,Chicago,Usa,5
Lexington St & California Ave,6,9,Chicago,Usa,5
N Paulina St & Lincoln Ave,1,6,Chicago,Usa,5
Kedzie Ave & Archer Ave,6,9,Chicago,Usa,5
DuSable Museum,2,9,Chicago,Usa,5
Public Rack - Spaulding Ave & Evergreen Ave,0,2,Chicago,Usa,5
State St & Harrison St,0,22,Chicago,Usa,5
Pulaski Rd & 75th St,1,13,Chicago,Usa,5
Woodlawn Ave & 58th St,4,4,Chicago,Usa,5
Public Rack - Western Ave & Devon Ave,1,0,Chicago,Usa,5
Halsted St & Roosevelt Rd,5,16,Chicago,Usa,5
Public Rack - Michigan Ave & 96th St,2,1,Chicago,Usa,5
Public Rack - Kimball & Ardmore,1,1,Chicago,Usa,5
W 103rd St & S Avers Ave,1,11,Chicago,Usa,5
Kedzie Ave & 73rd St,4,11,Chicago,Usa,5
Harding Ave & 26th St,3,12,Chicago,Usa,5
Clark St & Newport St,1,14,Chicago,Usa,5
Le Mai Ave & Devon Ave,6,9,Chicago,Usa,5
Wells St & Polk St,6,12,Chicago,Usa,5
Ashland Ave & Wellington Ave,2,16,Chicago,Usa,5
Franklin St & Monroe St Corral,0,48,Chicago,Usa,5
Michigan Ave & 105th St,0,14,Chicago,Usa,5
Public Rack - Muskegon Ave & 89th St,0,1,Chicago,Usa,5
State St & 76th St,2,9,Chicago,Usa,5
Kilbourn Ave & Belden Ave,2,12,Chicago,Usa,5
Laramie Ave & Irving Park Rd,0,14,Chicago,Usa,5
Public Rack - Pulaski Rd & Armitage Ave,0,2,Chicago,Usa,5
Halsted St & 37th St,2,8,Chicago,Usa,5
Wells St & Huron St,1,25,Chicago,Usa,5
Halsted St & 119th St,4,8,Chicago,Usa,5
State St & Randolph St,8,15,Chicago,Usa,5
Public Rack - Corliss Ave & 103rd St,0,1,Chicago,Usa,5
Ping Tom Park (East),4,5,Chicago,Usa,5
Public Rack - Walden Pkwy & 99th St,0,1,Chicago,Usa,5
Public Rack - Kedzie Ave & Pershing Rd,0,1,Chicago,Usa,5
Public Rack - 82nd st & Kedzie Ave,0,2,Chicago,Usa,5
Marmora Ave & Belmont Ave,0,15,Chicago,Usa,5
East End Ave & 87th St,0,15,Chicago,Usa,5
Public Rack - Halsted St & 109th St,0,1,Chicago,Usa,5
Damen Ave & Pershing Rd,2,9,Chicago,Usa,5
Public Rack - S Menard & W 63rd,0,2,Chicago,Usa,5
Public Rack - Kostner & Bryn Mawr,1,1,Chicago,Usa,5
Kenneth Ave & Lawrence Ave,7,7,Chicago,Usa,5
Public Rack - Laramie Ave & Belmont Ave,0,2,Chicago,Usa,5
Sacramento Blvd & Polk St,3,9,Chicago,Usa,5
Richmond St & 59th St,8,7,Chicago,Usa,5
Addison/Wilton Corral,0,120,Chicago,Usa,5
Public Rack - Keystone Ave & Irving Park Rd,0,2,Chicago,Usa,5
Public Rack - Newcastle Ave & Belden Ave,0,1,Chicago,Usa,5
Desplaines St & Randolph St,15,8,Chicago,Usa,5
Public Rack - Oak Park Ave & Foster Ave,0,10,Chicago,Usa,5
Greenwood Ave & 79th St,4,7,Chicago,Usa,5
Tripp Ave & 31st St,3,12,Chicago,Usa,5
Public Rack - Ottowa Ave & Touhy Ave,2,0,Chicago,Usa,5
Homan Ave & Arthington Ave,2,9,Chicago,Usa,5
Calumet Ave & 18th St,0,13,Chicago,Usa,5
Public Rack - Marshfield Ave & 87th St,0,1,Chicago,Usa,5
Public Rack - Bryn Mawr Ave & Milwaukee Ave,0,4,Chicago,Usa,5
Kedzie Ave & Jackson Blvd,2,13,Chicago,Usa,5
Public Rack - Yale Ave & 119th St,0,1,Chicago,Usa,5
Aberdeen St & Randolph St,12,4,Chicago,Usa,5
Lakefront Trail & Wilson Ave,12,3,Chicago,Usa,5
Public Rack - Franklin Park,0,2,Chicago,Usa,5
Public Rack - Halsted St & 77th St,0,1,Chicago,Usa,5
Public Rack - Ewing Ave & 102nd St,0,1,Chicago,Usa,5
Public Rack - Austin Branch Chicago Public Library,0,2,Chicago,Usa,5
Public Rack - Francisco Ave & Touhy Ave,0,2,Chicago,Usa,5
Adler Planetarium,11,26,Chicago,Usa,5
Lakeview Ave & Fullerton Pkwy,14,3,Chicago,Usa,5
Woodlawn Ave & 55th St,0,18,Chicago,Usa,5
Public Rack - Kenneth & Carmen,0,1,Chicago,Usa,5
Public Rack - Avers & Lawrence,0,2,Chicago,Usa,5
Public Rack - Neenah & Archer,0,2,Chicago,Usa,5
Public Rack - Kedzie Ave & 64th St - SW,1,1,Chicago,Usa,5
Public Rack - Neola & Northwest Hwy,0,2,Chicago,Usa,5
Public Rack - Wallace St & 119th St,0,1,Chicago,Usa,5
Hamilton Park,3,11,Chicago,Usa,5
Public Rack - Austin Ave & Archer Ave,0,2,Chicago,Usa,5
Public Rack - Ewing Ave & 96th St S,0,1,Chicago,Usa,5
Public Rack - Michigan Ave & 125th Pl,0,1,Chicago,Usa,5
Normal Ave & Archer Ave,4,6,Chicago,Usa,5
Harding Ave & Chicago Ave,3,12,Chicago,Usa,5
Public Rack - Springfield Ave & 63rd St,0,1,Chicago,Usa,5
Public Rack - Kedzie Ave & Archer Ave,0,2,Chicago,Usa,5
Public Rack - Irving Park Rd & Menard Ave,0,2,Chicago,Usa,5
Public Rack - Pulaski Rd & Lexington St,0,1,Chicago,Usa,5
Central Park Blvd & 5th Ave,1,10,Chicago,Usa,5
Hale Ave & 107th St,2,9,Chicago,Usa,5
Komensky Ave & 55th St,2,10,Chicago,Usa,5
Ashland Ave & Augusta Blvd,2,11,Chicago,Usa,5
Wolcott Ave & Fargo Ave,4,5,Chicago,Usa,5
Public Rack - Halsted St & 80th St,0,1,Chicago,Usa,5
Public Rack - Houston Ave & 131st St,1,5,Chicago,Usa,5
Fullerton & Monitor,3,8,Chicago,Usa,5
Sangamon St & Washington Blvd,7,7,Chicago,Usa,5
Public Rack - Halsted St & 63rd St,0,1,Chicago,Usa,5
State St & 127th St,3,13,Chicago,Usa,5
Public Rack - N Sayre Ave & W Belden Ave,0,1,Chicago,Usa,5
Public Rack - Throop St & 48t ST,0,1,Chicago,Usa,5
Public Rack - Marquette Rd & 67th St,0,1,Chicago,Usa,5
Higgins Ave & Austin Ave,2,9,Chicago,Usa,5
Public Rack - California Ave & Cortez St,0,2,Chicago,Usa,5
Franklin St & Chicago Ave,4,18,Chicago,Usa,5
Public Rack - Walden Pkwy & 103rd St,0,1,Chicago,Usa,5
Public Rack - Hermitage & 83rd St,0,1,Chicago,Usa,5
Public Rack - Lawndale Ave & 23rd St,0,2,Chicago,Usa,5
Public Rack - Jeffery Blvd & 81st St,0,1,Chicago,Usa,5
Public Rack - Austin Ave & Roscoe St,0,5,Chicago,Usa,5
Houston Ave & 92nd St,2,13,Chicago,Usa,5
Public Rack - Calumet Ave & 71st St,0,2,Chicago,Usa,5
Public Rack - Ashland Ave & 63rd St,0,1,Chicago,Usa,5
Public Rack - Austin & Higgins,0,2,Chicago,Usa,5
Public Rack - Holbrook St & Milwaukee Ave,0,4,Chicago,Usa,5
Buckingham Fountain,20,15,Chicago,Usa,5
Public Rack - S Kostner Ave & W 18th Pl,0,1,Chicago,Usa,5
Pine Grove Ave & Waveland Ave,5,16,Chicago,Usa,5
Steelworkers Park (Updated),6,2,Chicago,Usa,5
Public Rack - Kimbark Ave & 67th St,0,2,Chicago,Usa,5
Halsted St & Fulton St,4,4,Chicago,Usa,5
Public Rack - Michele Clark Magnet High School,0,2,Chicago,Usa,5
Public Rack - Fullerton Ave & Lavergne Ave,0,1,Chicago,Usa,5
Public Rack - Emerald Ave & 43rd St,2,0,Chicago,Usa,5
Kenosha Ave & Wellington Ave,4,10,Chicago,Usa,5
Public Rack - Western Ave & 118th St,0,1,Chicago,Usa,5
Kostner Ave & Lake St,2,9,Chicago,Usa,5
Eggleston Ave & 92nd St,4,10,Chicago,Usa,5
Public Rack - King Dr & Oakwood Blvd,0,1,Chicago,Usa,5
Racine Ave & 57th St,4,3,Chicago,Usa,5
Public Rack - Menard Ave & Agusta Blvd,0,1,Chicago,Usa,5
Wabash Ave & Adams St,3,14,Chicago,Usa,5
Public Rack - Lockwood Ave & Diversey Ave,1,0,Chicago,Usa,5
Broadway & Cornelia Ave,0,22,Chicago,Usa,5
Bosworth Ave & Howard St,8,3,Chicago,Usa,5
Monitor Ave & Division St,3,11,Chicago,Usa,5
Vernon Ave & 79th St,3,8,Chicago,Usa,5
Fairfield Ave & Pratt Blvd,1,14,Chicago,Usa,5
Clark St & Leland Ave,6,11,Chicago,Usa,5
Western Ave & 62nd St,2,8,Chicago,Usa,5
Lake Park Ave & 47th St,5,10,Chicago,Usa,5
Public Rack - Pullman - Walmart,0,1,Chicago,Usa,5
Public Rack - Western Ave & 79th St,0,1,Chicago,Usa,5
Avers Ave & Foster Ave,4,11,Chicago,Usa,5
Halsted St & Wrightwood Ave,3,10,Chicago,Usa,5
Public Rack - Martin Luther King Dr & 69th St,0,1,Chicago,Usa,5
Public Rack - Komensky Ave & 59th St,0,1,Chicago,Usa,5
Public Rack - Woodlawn Ave & 63rd St S,0,1,Chicago,Usa,5
Public Rack - Ashburn Metra ,0,1,Chicago,Usa,5
Lake Park Ave & 35th St,4,11,Chicago,Usa,5
Public Rack - Christiana Ave & 55th St,1,0,Chicago,Usa,5
Glenwood Ave & Morse Ave,1,13,Chicago,Usa,5
Marmora Ave & Irving Park Rd,2,13,Chicago,Usa,5
State St & Chicago Ave,6,6,Chicago,Usa,5
Lawler Ave & North Ave,5,9,Chicago,Usa,5
Eberhart Ave & 61st St,1,8,Chicago,Usa,5
Fort Dearborn Dr & 31st St,13,8,Chicago,Usa,5
Public Rack - Neva Ave & Grand Ave,0,0,Chicago,Usa,5
Public Rack - Homan & 79th,0,2,Chicago,Usa,5
Public Rack - Kedzie Ave & 83rd St,0,2,Chicago,Usa,5
Damen Ave & Chicago Ave,16,0,Chicago,Usa,5
Public Rack - Washtenaw Ave & Superior St,5,0,Chicago,Usa,5
Blackstone Ave & Hyde Park Blvd,11,5,Chicago,Usa,5
Theater on the Lake,23,0,Chicago,Usa,5
Public Rack - Damen Ave & 80th St,0,2,Chicago,Usa,5
Public Rack - Michigan Ave & 113th St,0,1,Chicago,Usa,5
Public Rack - Lawrence Ave & 103rd St,0,1,Chicago,Usa,5
Western Ave & 111th St,3,20,Chicago,Usa,5
Public Rack - Princeton Ave & 103rd Pl,0,1,Chicago,Usa,5
Kedzie Ave & George St,0,12,Chicago,Usa,5
Hamlin Ave & 62nd Pl,8,6,Chicago,Usa,5
Public Rack - Linder & Elston,1,1,Chicago,Usa,5
State St & 35th St,9,5,Chicago,Usa,5
Mozart St & 55th St,2,9,Chicago,Usa,5
Public Rack - Mulligan Ave & 56th St,0,4,Chicago,Usa,5
Clark St & Columbia Ave,11,3,Chicago,Usa,5
Public Rack - Ellis Ave & 132nd Pl,0,1,Chicago,Usa,5
Spaulding Ave & 16th St,2,13,Chicago,Usa,5
Pine Grove Ave & Irving Park Rd,0,12,Chicago,Usa,5
Long Ave & Belden Ave,4,7,Chicago,Usa,5
Milwaukee Ave & Highland Ave,5,6,Chicago,Usa,5
Public Rack - Baltimore Ave & 134th St,0,1,Chicago,Usa,5
Laramie Ave & Kinzie St,0,11,Chicago,Usa,5
Public Rack - Ewing Ave & 107th St,0,1,Chicago,Usa,5
Avenue O & 134th St,3,12,Chicago,Usa,5
Chicago State University,2,21,Chicago,Usa,5
Public Rack - Kedvale Ave & 63rd St E,0,2,Chicago,Usa,5
Public Rack - Linder Ave & Belmont Ave,0,2,Chicago,Usa,5
Burnham Greenway & 112th St,3,12,Chicago,Usa,5
Public Rack - Pulaski Rd & 85th St,0,2,Chicago,Usa,5
Public Rack - Union Ave & 111th St,0,1,Chicago,Usa,5
Elston Ave & Carmen Ave,3,13,Chicago,Usa,5
Public Rack - King Dr & 83rd St,0,1,Chicago,Usa,5
Wilton Ave & Belmont Ave,0,25,Chicago,Usa,5
Ashland Ave & 50th St,3,8,Chicago,Usa,5
Virginia Ave & Catalpa Ave,2,8,Chicago,Usa,5
Archer Ave & 43rd St,2,6,Chicago,Usa,5
Public Rack - Kostner & Peterson,0,2,Chicago,Usa,5
Public Rack - Jonathan Y Scammon Public School,1,0,Chicago,Usa,5
Public Rack - Kedzie & 71st,0,2,Chicago,Usa,5
Public Rack - Western Ave & 104th St - West,0,2,Chicago,Usa,5
Public Rack - Homewood Ave & Monterey Ave,0,1,Chicago,Usa,5
Kenneth Ave & 50th St,1,6,Chicago,Usa,5
Public Rack - Racine Ave & 74th St,1,0,Chicago,Usa,5
Halsted St & 18th St,2,12,Chicago,Usa,5
Leavitt St & North Ave,3,6,Chicago,Usa,5
Kedzie Ave & Redfield Dr,5,10,Chicago,Usa,5
Public Rack - Oleander Ave & Addison St,0,3,Chicago,Usa,5
Public Rack - Kostner Ave & North Ave,0,2,Chicago,Usa,5
Public Rack - Champlain Ave & 134th St,0,2,Chicago,Usa,5
Cumberland Ave & Catherine Ave,1,13,Chicago,Usa,5
Public Rack - Peterson Ave & Bernard Ave,0,1,Chicago,Usa,5
Artesian Ave & Marquette Rd,4,9,Chicago,Usa,5
W Armitage Ave & N Sheffield Ave,1,4,Chicago,Usa,5
Leavitt St & Archer Ave,2,13,Chicago,Usa,5
Lawndale Ave & 30th St,5,10,Chicago,Usa,5
Public Rack - Loomis Blvd & 47th St,0,1,Chicago,Usa,5
Kilbourn Ave & Milwaukee Ave,3,11,Chicago,Usa,5
Public Rack - Hyde Park Blvd & 55th St,0,1,Chicago,Usa,5
Public Rack - Cottage Grove Ave & 75th St,0,1,Chicago,Usa,5
California Ave & Marquette Rd,1,14,Chicago,Usa,5
Clark/Racine Corral,0,119,Chicago,Usa,5
Public Rack - Commercial Ave & 89th St,0,1,Chicago,Usa,5
Public Rack - Harper Ave & 63rd St,0,5,Chicago,Usa,5
Lincoln Park Conservatory,18,8,Chicago,Usa,5
Dearborn Pkwy & Delaware Pl,2,16,Chicago,Usa,5
Public Rack - California Ave & Ogden Ave,0,1,Chicago,Usa,5
Public Rack - Milwaukee Ave & Warner Ave,0,4,Chicago,Usa,5
Public Rack - Ingleside Ave & 79th St,0,1,Chicago,Usa,5
Public Rack - Langley Ave & 105th Pl,0,2,Chicago,Usa,5
Spaulding Ave & 63rd,6,9,Chicago,Usa,5
Public Rack - Pulaski Rd & 65th St,0,2,Chicago,Usa,5
Public Rack - Menard Ave & Leland Ave,0,4,Chicago,Usa,5
Public Rack - Hamlin & 72nd,0,2,Chicago,Usa,5
Pulaski Rd & 84th St,3,12,Chicago,Usa,5
Sheridan Rd & Irving Park Rd,3,25,Chicago,Usa,5
Lamon Ave & Armitage Ave,7,8,Chicago,Usa,5
Seeley Ave & Roscoe St,7,2,Chicago,Usa,5
Public Rack - Sacramento & 71st,0,2,Chicago,Usa,5
Public Rack - Kedzie Ave & 54th Pl,0,1,Chicago,Usa,5
Public Rack - Hamilton Park,0,1,Chicago,Usa,5
Ada St & Washington Blvd,2,10,Chicago,Usa,5
Public Rack - Torrence Ave & 103rd St,0,1,Chicago,Usa,5
Christiana Ave & Lawrence Ave,4,9,Chicago,Usa,5
Kimbark Ave & 53rd St,11,8,Chicago,Usa,5
Public Rack - 56th St & Mulligan Ave,0,9,Chicago,Usa,5
Public Rack - Plainfield Ave & Irving Park Rd,0,2,Chicago,Usa,5
Eberhart Ave & 131st St,2,13,Chicago,Usa,5
Public Rack - Lawndale Ave & Roosevelt,0,2,Chicago,Usa,5
Wellington Ave & Mulligan Ave,5,10,Chicago,Usa,5
Public Rack - Western Ave & 104th St - East,0,2,Chicago,Usa,5
Public Rack - Mason Ave & Milwaukee Ave,0,2,Chicago,Usa,5
Public Rack - Milwaukee Ave & Sunnyside Ave,0,2,Chicago,Usa,5
Public Rack - Western Ave & 107th Pl,0,1,Chicago,Usa,5
Dauphin Ave & 87th St,5,10,Chicago,Usa,5
Public Rack - Cottage Grove Ave & 92nd St,0,1,Chicago,Usa,5
Larrabee St & Armitage Ave,5,9,Chicago,Usa,5
Public Rack - Midway Orange Line,0,1,Chicago,Usa,5
Nagle Ave & Belmont Ave,5,11,Chicago,Usa,5
Phillips Ave & 79th St,2,9,Chicago,Usa,5
University Ave & 59th St,8,7,Chicago,Usa,5
Kedzie Ave & 48th Pl,7,8,Chicago,Usa,5
Public Rack - Lamon Ave & Erie St,0,3,Chicago,Usa,5
Albany Ave & Belmont Ave,0,12,Chicago,Usa,5
Avenue L & 114th St,0,4,Chicago,Usa,5
Public Rack - California Ave & Devon Ave - NE,0,1,Chicago,Usa,5
Yates Blvd & 93rd St,6,9,Chicago,Usa,5
Calumet Ave & 35th St,7,7,Chicago,Usa,5
Sacramento Ave & 51st St,2,13,Chicago,Usa,5
Kedzie Ave & 60th St,2,13,Chicago,Usa,5
Lincoln Ave & Diversey Pkwy,1,7,Chicago,Usa,5
Public Rack - Forest Glen & Peterson,0,2,Chicago,Usa,5
Marshfield Ave & 59th St,3,8,Chicago,Usa,5
Public Rack - Roswell B. Mason Elementary School,0,4,Chicago,Usa,5
Milwaukee Ave & Rockwell St,8,8,Chicago,Usa,5
Sedgwick St & Webster Ave,11,3,Chicago,Usa,5
Farragut Ave & Central Ave,11,5,Chicago,Usa,5
Public Rack - Winchester Ave & 87th St,0,1,Chicago,Usa,5
Pulaski Rd & 54th St,0,15,Chicago,Usa,5
Public Rack - Throop St & 109th Pl,0,4,Chicago,Usa,5
Addison/Racine Corral,1,119,Chicago,Usa,5
McClurg Ct & Ohio St,3,13,Chicago,Usa,5
Public Rack - Sawyer Ave & Lawrence Ave,0,1,Chicago,Usa,5
Artesian Ave & Hubbard St,1,25,Chicago,Usa,5
Shields Ave & 57th St,1,14,Chicago,Usa,5
Kostner Ave & Devon Ave,7,8,Chicago,Usa,5
Racine Ave & 65th St,1,10,Chicago,Usa,5
Budlong Woods Library,4,4,Chicago,Usa,5
Stockton Dr & Wrightwood Ave,9,1,Chicago,Usa,5
Stewart Ave & 63rd St,2,8,Chicago,Usa,5
Public Rack - Pulaski Rd & Grenshaw St,0,1,Chicago,Usa,5
Public Rack - Milwaukee Ave & School St,1,0,Chicago,Usa,5
Ewing Ave & 106th St,3,13,Chicago,Usa,5
DuSable Lake Shore Dr & Belmont Ave,9,2,Chicago,Usa,5
Larrabee St & Division St,0,22,Chicago,Usa,5
Ashland Ave & Wrightwood Ave,0,15,Chicago,Usa,5
Wood St & Milwaukee Ave,5,9,Chicago,Usa,5
Public Rack - Richard Daley College,0,3,Chicago,Usa,5
Public Rack - Rutherford Ave & Belmont Ave,0,1,Chicago,Usa,5
Lincoln Ave & Byron St,6,8,Chicago,Usa,5
Public Rack - Sayer & Northwest Hwy,0,2,Chicago,Usa,5
Larrabee St & North Ave,1,15,Chicago,Usa,5
Public Rack - Spaulding Ave & Bryn Mawr Ave,0,2,Chicago,Usa,5
Prospect Sq & 91st St,5,9,Chicago,Usa,5
Public Rack - Damen Ave & 84th St,0,1,Chicago,Usa,5
Public Rack - Princeton Ave & 43rd St,0,2,Chicago,Usa,5
Stave St & Armitage Ave,2,8,Chicago,Usa,5
Wells St & Randolph St,16,11,Chicago,Usa,5
Public Rack - Racine Ave & 83rd St,0,1,Chicago,Usa,5
Public Rack - California & 87th,0,2,Chicago,Usa,5
Public Rack - Hamlin Ave & Chicago Ave,0,0,Chicago,Usa,5
Public Rack - West Lawn Park,0,4,Chicago,Usa,5
Paulina St & 18th St,8,4,Chicago,Usa,5
Public Rack - Woodlawn Ave & 63rd St N,1,0,Chicago,Usa,5
Leclaire Ave & Belmont Ave,7,4,Chicago,Usa,5
Wentworth Ave & 104th St,1,14,Chicago,Usa,5
Public Rack - Sayre Ave & 59th St,0,4,Chicago,Usa,5
Public Rack - Park Manor Elementary School,0,3,Chicago,Usa,5
Harlem Ave & Bloomingdale Ave,1,14,Chicago,Usa,5
Dayton St & North Ave,6,12,Chicago,Usa,5
Public Rack - Leamington & Elston,0,2,Chicago,Usa,5
Halsted St & Willow St,3,15,Chicago,Usa,5
Halsted St & 96th St,2,13,Chicago,Usa,5
Damen Ave/Coulter St,11,0,Chicago,Usa,5
Wood St & Walnut St,0,15,Chicago,Usa,5
Public Rack - Wentworth Ave & 79th St,0,1,Chicago,Usa,5
St Louis Ave & Foster Ave,2,12,Chicago,Usa,5
Public Rack - Ellis Ave & Doty Ave,0,2,Chicago,Usa,5
Central St & Girard Ave,2,12,Chicago,Usa,5
Warren Park East,8,2,Chicago,Usa,5
Lavergne Ave & Diversey Ave,14,1,Chicago,Usa,5
Troy St & Elston Ave,8,7,Chicago,Usa,5
Public Rack - Yates Blvd & Exchange Ave,0,2,Chicago,Usa,5
Public Rack - Cottage Grove Ave & 111th St,0,1,Chicago,Usa,5
Western Ave & 28th St,7,3,Chicago,Usa,5
Halsted St & Polk St,14,3,Chicago,Usa,5
Kedvale Ave & Peterson Ave,1,13,Chicago,Usa,5
Bennett Ave & 79th St,2,9,Chicago,Usa,5
Clark St & Grace St,6,17,Chicago,Usa,5
California Ave & Byron St,7,12,Chicago,Usa,5
Public Rack - 61st St & Melvina Ave,0,5,Chicago,Usa,5
Public Rack - Lotus Ave & Harrison St,0,1,Chicago,Usa,5
Public Rack - Waller Ave & Chicago Ave,1,0,Chicago,Usa,5
Austin Ave & Milwaukee Ave,1,8,Chicago,Usa,5
Laflin St & Cullerton St,8,6,Chicago,Usa,5
Public Rack - Ewing Ave & 112th St,0,1,Chicago,Usa,5
Wentworth Ave & 92nd St,2,12,Chicago,Usa,5
Grace St & Cicero Ave,0,15,Chicago,Usa,5
Princeton Ave & 47th St,0,9,Chicago,Usa,5
Public Rack - May St & 87th St,0,1,Chicago,Usa,5
Oketo Ave & Addison St,2,13,Chicago,Usa,5
Ogden Ave & Congress Pkwy,1,14,Chicago,Usa,5
Public Rack - Kimball Ave & Carmen Ave,0,3,Chicago,Usa,5
Public Rack - Christiana Ave & 111th St,0,1,Chicago,Usa,5
Francisco Ave & Chicago Ave,2,11,Chicago,Usa,5
Public Rack - Cottage Grove Ave & 98th St,0,1,Chicago,Usa,5
Clark St & Touhy Ave,7,5,Chicago,Usa,5
Ashland Ave & Chicago Ave,4,7,Chicago,Usa,5
Public Rack - Kostner & 83rd,0,2,Chicago,Usa,5
Public Rack - Morgan St & 87th St,0,1,Chicago,Usa,5
Public Rack - California Ave & Touhy Ave - SW,0,1,Chicago,Usa,5
Public Rack - Laflin St & 79th St,0,1,Chicago,Usa,5
Halsted St & Clybourn Ave,8,15,Chicago,Usa,5
Ridge Blvd & Touhy Ave,4,7,Chicago,Usa,5
Public Rack - Lynch & Elston,0,2,Chicago,Usa,5
Public Rack - Menard Ave & Belmont Ave,1,0,Chicago,Usa,5
Knox Ave & Marquette Ave,4,11,Chicago,Usa,5
California & 16th St,1,10,Chicago,Usa,5
Public Rack - Ashland Ave & 74th St,0,2,Chicago,Usa,5
Western Ave & 24th St,4,3,Chicago,Usa,5
Public Rack - Milwaukee Ave & Addison St,0,2,Chicago,Usa,5
Public Rack - Drake Ave & Leland Ave,1,1,Chicago,Usa,5
Public Rack - Kilbourn Ave & Fullerton Ave,0,0,Chicago,Usa,5
Clark St & Ida B Wells Dr,11,24,Chicago,Usa,5
Shore Dr & 55th St,3,8,Chicago,Usa,5
Public Rack - William J Onahan Public School,0,4,Chicago,Usa,5
Clark St & 9th St (AMLI),4,10,Chicago,Usa,5
Public Rack - Norwood Park Station ,0,5,Chicago,Usa,5
Public Rack - Lowe Ave & 98th St,0,1,Chicago,Usa,5
Damen Ave & Sunnyside Ave,12,7,Chicago,Usa,5
Albany Ave & Montrose Ave,6,4,Chicago,Usa,5
Jeffery Blvd & 76th St,0,11,Chicago,Usa,5
Ashland Ave & 63rd St,2,9,Chicago,Usa,5
Public Rack - Kedvale Ave & Addison St,0,2,Chicago,Usa,5
South Shore Dr & 67th St,0,14,Chicago,Usa,5
Elizabeth St & 47th St,8,3,Chicago,Usa,5
Wells St & Institute Pl,0,10,Chicago,Usa,5
Public Rack - Western Blvd & 53rd St,0,1,Chicago,Usa,5
Public Rack - Ewing Ave & 106th St,0,1,Chicago,Usa,5
Public Rack - Lawndale Ave & 111th St,0,1,Chicago,Usa,5
Glenwood Ave & Touhy Ave,9,6,Chicago,Usa,5
Wood St & 33rd St,5,9,Chicago,Usa,5
Paulina St & Montrose Ave,3,10,Chicago,Usa,5
Central Ave & Roscoe St,5,10,Chicago,Usa,5
Rockwell St & Fletcher St,0,11,Chicago,Usa,5
900 W Harrison St,4,14,Chicago,Usa,5
Parnell Ave & 127th St,4,12,Chicago,Usa,5
Lockwood Ave & Grand Ave,3,12,Chicago,Usa,5
Public Rack - Avenue J & 112th St,0,1,Chicago,Usa,5
Public Rack - Harvard Ave & 119th St,0,1,Chicago,Usa,5
Throop St & 99th St,4,12,Chicago,Usa,5
Public Rack - Eberhart Ave & 61st St,0,1,Chicago,Usa,5
Public Rack - Newland Ave & Diversey Ave,0,1,Chicago,Usa,5
Broadway & Ridge Ave,10,5,Chicago,Usa,5
Public Rack - Devon Ave & Kinzua Ave,0,2,Chicago,Usa,5
Public Rack - 63rd & Western Ave N,0,1,Chicago,Usa,5
Eddy/Seminary Corral,0,120,Chicago,Usa,5
Lawndale Ave & 111th St,7,7,Chicago,Usa,5
Wentworth Ave & 63rd St,3,8,Chicago,Usa,5
Campbell Ave & Irving Park Rd,3,9,Chicago,Usa,5
Wood St & Taylor St (Temp),8,14,Chicago,Usa,5
Central Ave & Wellington Ave,2,13,Chicago,Usa,5
Public Rack - 85th Pl & Pulaski Rd,0,2,Chicago,Usa,5
Public Rack - Kedzie Ave & 62nd Pl,0,1,Chicago,Usa,5
Baltimore Ave & 133rd St,2,14,Chicago,Usa,5
Smith Park,9,5,Chicago,Usa,5
Public Rack - Michigan Ave & 102nd St,0,1,Chicago,Usa,5
Damen Ave & Cullerton St,9,2,Chicago,Usa,5
Public Rack - Eggleston Ave & 92nd St,0,2,Chicago,Usa,5
University Library (NU),3,11,Chicago,Usa,5
Halsted St & 59th St,1,9,Chicago,Usa,5
May St & 69th St,2,9,Chicago,Usa,5
Public Rack - Talman Ave & Pershing Rd,0,1,Chicago,Usa,5
Columbus Ave & 83rd Pl,4,11,Chicago,Usa,5
Public Rack - Wrightwood Metra Station,0,2,Chicago,Usa,5
Springfield Ave & 71st St,4,11,Chicago,Usa,5
Public Rack - Laramine Ave & Winnemac Ave,0,9,Chicago,Usa,5
Public Rack - Mackinaw Ave & 106th St,0,1,Chicago,Usa,5
Throop St & 52nd St,2,5,Chicago,Usa,5
Western Ave & Leland Ave,14,4,Chicago,Usa,5
Public Rack - Hamlin Ave & Grand Ave,0,3,Chicago,Usa,5
Public Rack - Wilbur Wright College South,0,2,Chicago,Usa,5
Orleans St & Chestnut St (NEXT Apts),3,12,Chicago,Usa,5
Morgan Ave & 14th Pl,4,7,Chicago,Usa,5
Central Park Ave & Elbridge Ave,6,8,Chicago,Usa,5
Martin Luther King Dr & 111th St,1,6,Chicago,Usa,5
Public Rack - Milwaukee Ave & Lawrence Ave,0,2,Chicago,Usa,5
Pulaski Rd & 60th St,2,10,Chicago,Usa,5
Ellis Ave & 53rd St,3,7,Chicago,Usa,5
Public Rack - Michigan Ave & 110th St,0,1,Chicago,Usa,5
Washtenaw Ave & Ogden Ave,2,12,Chicago,Usa,5
Clark St & Jarvis Ave,4,4,Chicago,Usa,5
Mango Ave & North Ave,3,12,Chicago,Usa,5
Central Park Ave & Ogden Ave,6,8,Chicago,Usa,5
Public Rack - Kenneth Ave & 63rd St W,0,9,Chicago,Usa,5
Lincoln Ave & Winona St,1,13,Chicago,Usa,5
Lawndale Ave & 16th St,2,10,Chicago,Usa,5
Leavitt St/North Ave,0,2,Chicago,Usa,5
Kilpatrick Ave & Grand Ave,2,10,Chicago,Usa,5
Green St & Lake St ,4,5,Chicago,Usa,5
Public Rack - Cicero & 64th,1,1,Chicago,Usa,5
Public Rack - Rockwell Ave & 71st St,0,2,Chicago,Usa,5
Clinton St & 18th St,4,11,Chicago,Usa,5
Public Rack - Robert Fulton Elementary School,0,2,Chicago,Usa,5
Public Rack - Pulaski & 52nd,0,0,Chicago,Usa,5
Clark St & Armitage Ave,18,3,Chicago,Usa,5
Ellis Ave & 60th St,6,12,Chicago,Usa,5
Public Rack - Western & 79th,0,4,Chicago,Usa,5
N Carpenter St & W Lake St,0,5,Chicago,Usa,5
Public Rack - Hamlin Ave & Madison St,0,1,Chicago,Usa,5
Marquette Ave & 89th St,9,6,Chicago,Usa,5
Karlov Ave & Armitage Ave,5,9,Chicago,Usa,5
Public Rack - Emil G Hirch Metropolitan High School,0,2,Chicago,Usa,5
DuSable Lake Shore Dr & North Blvd,26,5,Chicago,Usa,5
Halsted St & North Branch St,3,12,Chicago,Usa,5
Public Rack - Cottage Grove Ave & 91st St,0,1,Chicago,Usa,5
Loomis St & Jackson Blvd,8,8,Chicago,Usa,5
Public Rack - Cicero Ave & Wellington Ave,0,2,Chicago,Usa,5
Central Ave & Lake St,1,10,Chicago,Usa,5
State St & Kinzie St,8,21,Chicago,Usa,5
Ashland Ave & Belle Plaine Ave,3,5,Chicago,Usa,5
Menard Ave & Milwaukee Ave,3,12,Chicago,Usa,5
Public Rack - Pulaski Rd & 83rd St,0,2,Chicago,Usa,5
Public Rack - Sacramento Blvd & Washington Blvd,0,2,Chicago,Usa,5
Humboldt Blvd & Armitage Ave,7,10,Chicago,Usa,5
Chicago Ave & Washington St,6,8,Chicago,Usa,5
Racine Ave & 115th St,3,13,Chicago,Usa,5
Shields Ave & 31st St,3,15,Chicago,Usa,5
Commercial Ave & 97th St,4,11,Chicago,Usa,5
Damen Ave & 77th St,1,14,Chicago,Usa,5
Public Rack - Lawrence Ave & Kimball Ave,0,11,Chicago,Usa,5
Damen Ave & 81st St,4,11,Chicago,Usa,5
Public Rack - Spencer Elementary Technology Academy,0,2,Chicago,Usa,5
Melvina Ave & Giddings Ave,2,13,Chicago,Usa,5
Wolcott Ave & Polk St,4,16,Chicago,Usa,5
Public Rack - State St & 47th st,0,2,Chicago,Usa,5
Public Rack - Vincennes Ave & 95th Pl,1,0,Chicago,Usa,5
Artesian Ave & 71st St,1,13,Chicago,Usa,5
Public Rack - Sawyer Ave & 111th St,0,1,Chicago,Usa,5
Public Rack - Eggleston Ave & 115th St,0,3,Chicago,Usa,5
State St & 95th St,0,15,Chicago,Usa,5
Public Rack - Halsted St & 111th St,0,1,Chicago,Usa,5
Central Park Ave & Ardmore Ave,5,8,Chicago,Usa,5
Public Rack - Cicero Ave & North Ave,0,1,Chicago,Usa,5
Shields Ave & 28th Pl,3,6,Chicago,Usa,5
Public Rack - Ashland Ave & 73rd St,0,1,Chicago,Usa,5
South Chicago Ave & Elliot Ave,2,5,Chicago,Usa,5
Calumet Ave & 71st St,3,8,Chicago,Usa,5
Mango Ave & Diversey Ave,1,14,Chicago,Usa,5
Wood St & Augusta Blvd,2,11,Chicago,Usa,5
Lamon Ave & 47th St,3,8,Chicago,Usa,5
Ravenswood Ave & Berteau Ave,5,3,Chicago,Usa,5
St. Louis Ave & Balmoral Ave,4,10,Chicago,Usa,5
Public Rack - Christiana & Lincoln,2,0,Chicago,Usa,5
Emerald Ave & 31st St,3,7,Chicago,Usa,5
Narragansett Ave & North Ave,5,7,Chicago,Usa,5
Rush St & Cedar St,2,5,Chicago,Usa,5
Public Rack - Elizabeth St & 115th St,0,1,Chicago,Usa,5
Overhill Ave & Belmont Ave,6,10,Chicago,Usa,5
Oakley Ave & Touhy Ave,2,9,Chicago,Usa,5
Dearborn St & Erie St,2,21,Chicago,Usa,5
Kedzie Ave & Bryn Mawr Ave,1,13,Chicago,Usa,5
Public Rack - Keeler Ave & 55th St,0,1,Chicago,Usa,5
Public Rack - West Chatham Park,0,2,Chicago,Usa,5
Wells St & Washington St,0,10,Chicago,Usa,5
Racine Ave & Wrightwood Ave,3,10,Chicago,Usa,5
Public Rack - Ave N & 106th St,0,1,Chicago,Usa,5
North Ave & New England Ave,2,9,Chicago,Usa,5
Public Rack - Stony Island Ave & 86th St,0,1,Chicago,Usa,5
Public Rack - Morgan St & 95th St,0,2,Chicago,Usa,5
Wilton Ave & Diversey Pkwy*,3,29,Chicago,Usa,5
Columbus Ave & 79th St,10,1,Chicago,Usa,5
Desplaines St & Jackson Blvd,15,9,Chicago,Usa,5
Clark St & Wrightwood Ave,7,1,Chicago,Usa,5
Keystone Ave & Fullerton Ave,4,5,Chicago,Usa,5
Linder Ave & Montrose Ave,5,10,Chicago,Usa,5
Public Rack - Lafayette Ave & 87th St - NW,0,1,Chicago,Usa,5
Public Rack - Hiawatha & Mendota,0,2,Chicago,Usa,5
Public Rack - James Madison School,0,2,Chicago,Usa,5
Canal St & Monroe St,1,24,Chicago,Usa,5
Dearborn St & Adams St Corral,0,32,Chicago,Usa,5
Milwaukee Ave & Ainslie St,2,17,Chicago,Usa,5
Public Rack - Chopin Park,0,1,Chicago,Usa,5
Racine Ave & 15th St,5,9,Chicago,Usa,5
Green St & Randolph St*,3,4,Chicago,Usa,5
Campbell Ave & Fullerton Ave,8,7,Chicago,Usa,5
Homan Ave & 26th St,2,13,Chicago,Usa,5
Damen Ave & Madison St,0,12,Chicago,Usa,5
Archer Ave & Homan Ave,3,12,Chicago,Usa,5
Public Rack - Milwaukee Ave & Culyer Ave,0,2,Chicago,Usa,5
Public Rack - Jeffrey Blvd & 71st St,0,1,Chicago,Usa,5
Public Rack - Central Ave & George St,0,1,Chicago,Usa,5
MLK Jr Dr & Pershing Rd,12,2,Chicago,Usa,5
Clinton St & Madison St,0,20,Chicago,Usa,5
Kilpatrick Ave & Parker Ave,1,9,Chicago,Usa,5
Stony Island Ave & 82nd St,4,6,Chicago,Usa,5
Loomis St & Archer Ave,4,4,Chicago,Usa,5
Bernard St & Elston Ave,2,7,Chicago,Usa,5
Public Rack - Stony Island & 87th St,0,1,Chicago,Usa,5
LaSalle St & Illinois St,7,22,Chicago,Usa,5
Michigan Ave & 108th St,1,14,Chicago,Usa,5
Southport Ave & Belmont Ave,0,14,Chicago,Usa,5
Public Rack - Pulaski Rd & Roosevelt Rd,0,1,Chicago,Usa,5
Western Ave & Lake St,1,14,Chicago,Usa,5
Public Rack - Oglesby Ave & 95th St,0,1,Chicago,Usa,5
Winchester (Ravenswood) Ave & Balmoral Ave,4,11,Chicago,Usa,5
Public Rack - Grand Ave & Lawndale Ave,0,2,Chicago,Usa,5
Central St Metra,14,0,Chicago,Usa,5
Morgan St & Lake St*,2,14,Chicago,Usa,5
N Southport Ave & W Newport Ave,0,9,Chicago,Usa,5
Public Rack - 63rd & Western Ave S,0,1,Chicago,Usa,5
Public Rack - Kilpatrick & Elston,0,2,Chicago,Usa,5
Paulina St & Flournoy St,11,18,Chicago,Usa,5
Big Marsh Park,13,1,Chicago,Usa,5
Public Rack - Pulaski Rd & 44th St,0,1,Chicago,Usa,5
Fairbanks St & Superior St,1,8,Chicago,Usa,5
Clinton St & Washington Blvd,5,22,Chicago,Usa,5
Public Rack - Avenue J & 102nd St,0,2,Chicago,Usa,5
Michigan Ave & Lake St,3,30,Chicago,Usa,5
Public Rack - Emerald Ave & 45th St,0,1,Chicago,Usa,5
Public Rack - Michigan Ave & 107th St,0,1,Chicago,Usa,5
Cottage Grove Ave & 78th St,0,9,Chicago,Usa,5
Manistee Ave & 95th St,2,14,Chicago,Usa,5
Public Rack - Vincennes Ave & 95th St,0,0,Chicago,Usa,5
Public Rack - Western Ave & 98th St,0,1,Chicago,Usa,5
Public Rack - Avers Ave & Ogden Ave,1,1,Chicago,Usa,5
Public Rack - Corliss Ave & 133rd St,0,5,Chicago,Usa,5
Lock St & 31st St,0,15,Chicago,Usa,5
Public Rack - Keystone Ave & North Ave,0,1,Chicago,Usa,5
Francisco Ave & Bloomingdale Ave,1,7,Chicago,Usa,5
Public Rack - Western Ave & Jarvis Ave,0,1,Chicago,Usa,5
Public Rack - Lowell Ave & Elston Ave,1,0,Chicago,Usa,5
Mango Ave & Grand Ave,2,16,Chicago,Usa,5
Pulaski Rd & 60th Pl,2,14,Chicago,Usa,5
Rockwell St & Archer Ave,2,13,Chicago,Usa,5
Wentworth Ave & 107th St,7,9,Chicago,Usa,5
Central Park Ave & Douglas Blvd,10,5,Chicago,Usa,5
Public Rack - Central Ave & Adams St,0,8,Chicago,Usa,5
Franklin St & Washington St,2,32,Chicago,Usa,5
Lakefront Trail & Bryn Mawr Ave,3,16,Chicago,Usa,5
Valli Produce - Evanston Plaza,14,1,Chicago,Usa,5
Halsted St & 35th St,8,7,Chicago,Usa,5
Western Ave & 43rd St,0,15,Chicago,Usa,5
Daley Center Plaza,0,0,Chicago,Usa,5
DuSable Lake Shore Dr & Wellington Ave,7,2,Chicago,Usa,5
Public Rack - Damen & 87th,0,2,Chicago,Usa,5
Sedgwick St & Schiller St,0,12,Chicago,Usa,5
Public Rack - St Louis & Lincoln,0,2,Chicago,Usa,5
Karlov Ave & Fillmore St,4,12,Chicago,Usa,5
Wabash Ave & Cermak Rd,1,5,Chicago,Usa,5
Public Rack - Milwaukee Ave & Catalpa Ave,0,2,Chicago,Usa,5
Lincoln Ave & Balmoral Ave,0,11,Chicago,Usa,5
Racine Ave & 18th St,6,9,Chicago,Usa,5
Newcastle Ave & Irving Park Rd,0,15,Chicago,Usa,5
Public Rack - Troy & 71st,0,2,Chicago,Usa,5
Damen Ave & Wicker Park Ave,7,11,Chicago,Usa,5
N Shore Channel Trail & Argyle St,0,9,Chicago,Usa,5
Public Rack - Lowe Ave & 94th St,0,2,Chicago,Usa,5
Michigan Ave & Ida B Wells Dr,4,9,Chicago,Usa,5
S Wentworth Ave & W 111th St,4,0,Chicago,Usa,5
South Chicago Ave & 83rd St,4,7,Chicago,Usa,5
Public Rack - Tuley (Murray) Park,0,2,Chicago,Usa,5
Public Rack - Sawyer Ave & Bryn Mawr Ave - SW,0,1,Chicago,Usa,5
Public Rack - Damen Ave & 47th St,0,1,Chicago,Usa,5
Public Rack - Komensky Ave & 26th St,0,1,Chicago,Usa,5
Rockwell St & Eastwood Ave,0,13,Chicago,Usa,5
Public Rack - Oak Park & Higgins,0,2,Chicago,Usa,5
Aberdeen St & Jackson Blvd,0,19,Chicago,Usa,5
Green St & Madison St,9,16,Chicago,Usa,5
Public Rack - Western Ave & 111th St - NW,0,1,Chicago,Usa,5
Public Rack - W. Talcott & N. Oriole,0,2,Chicago,Usa,5
Central Park Ave & Ohio St,0,12,Chicago,Usa,5
Wallace St & Pershing Rd,1,15,Chicago,Usa,5
MLK Jr Dr & 56th St,1,10,Chicago,Usa,5
Portage Park,5,10,Chicago,Usa,5
Kildare Ave & Archer Ave,1,14,Chicago,Usa,5
Southport Ave & Irving Park Rd,0,15,Chicago,Usa,5
Halsted St & 51st St,0,11,Chicago,Usa,5
New St & Illinois St,8,20,Chicago,Usa,5
Public Rack - Loomis St & 87th St,0,1,Chicago,Usa,5
Clyde Ave & 87th St,6,9,Chicago,Usa,5
Public Rack - Pulaski & 74th,2,0,Chicago,Usa,5
Eberhart Ave & 91st St,3,12,Chicago,Usa,5
Spaulding Ave & Armitage Ave,6,8,Chicago,Usa,5
Ridge Blvd & Howard St,6,5,Chicago,Usa,5
Public Rack - Roscoe St & Osceola Ave,0,1,Chicago,Usa,5
Public Rack - Kedzie & 103rd St - W,0,0,Chicago,Usa,5
Cottage Grove Ave & 47th St,2,13,Chicago,Usa,5
21st St & Pulaski Rd,2,13,Chicago,Usa,5
Komensky Ave & 31st St,5,6,Chicago,Usa,5
Ogden Ave & Roosevelt Rd,6,12,Chicago,Usa,5
Wells St & Elm St,0,23,Chicago,Usa,5
Clark St & Wellington Ave,4,9,Chicago,Usa,5
Public Rack - Mason & Archer,0,2,Chicago,Usa,5
Public Rack - Wallace St & 112 St,0,3,Chicago,Usa,5
Clifton Ave & Armitage Ave,0,14,Chicago,Usa,5
California Ave & 29th St,1,11,Chicago,Usa,5
State St & 54th St,5,5,Chicago,Usa,5
Public Rack - Newcastle Ave & Wellington Ave,0,1,Chicago,Usa,5
Burnham Greenway & 105th St,3,8,Chicago,Usa,5
Public Rack - Lafayette Ave & 119th St,1,0,Chicago,Usa,5
Perry Ave & 69th St,0,11,Chicago,Usa,5
Tripp Ave & 15th St,8,6,Chicago,Usa,5
Central Park Ave & North Ave,5,10,Chicago,Usa,5
Clinton St & Lake St,3,18,Chicago,Usa,5
Rhodes Ave & 71st St,1,10,Chicago,Usa,5
Jeffery Blvd & 71st St,2,8,Chicago,Usa,5
Public Rack - Spaulding Ave & 71st St,0,4,Chicago,Usa,5
Talman Ave & Addison St,7,6,Chicago,Usa,5
Public Rack - Ave L & 105th St,0,1,Chicago,Usa,5
Public Rack - Parnell Ave & 98th St,0,2,Chicago,Usa,5
Public Rack - Ashland Ave & 76th St,0,2,Chicago,Usa,5
Cornell Ave & Hyde Park Blvd,15,4,Chicago,Usa,5
Parkside Ave & Armitage Ave,3,12,Chicago,Usa,5
S Michigan Ave & E 118th St,3,4,Chicago,Usa,5
Kilbourn Ave & Diversey Ave,2,12,Chicago,Usa,5
Larrabee St & Kingsbury St,0,40,Chicago,Usa,5
Ada St & 113th Place,1,13,Chicago,Usa,5
Elston Ave & Cortland St,2,16,Chicago,Usa,5
Public Rack - 532 E 43rd St,0,1,Chicago,Usa,5
Central Ave & Madison St,7,4,Chicago,Usa,5
Leavitt St & Chicago Ave,2,16,Chicago,Usa,5
Michigan Ave & 8th St,6,36,Chicago,Usa,5
Warren Park West,2,8,Chicago,Usa,5
Public Rack - Washtenaw Ave & Devon Ave,1,0,Chicago,Usa,5
Public Rack - Devon Ave & Minnehaha Ave (east),0,2,Chicago,Usa,5
California Ave & 36th St,1,14,Chicago,Usa,5
Public Rack - Central Park Ave & 16th St,0,1,Chicago,Usa,5
Ave L & 114th,15,0,Chicago,Usa,5
Damen Ave & Charleston St,0,9,Chicago,Usa,5
Aberdeen St & Carroll Ave,9,6,Chicago,Usa,5
Public Rack - Christiana Ave & Bryn Mawr Ave,0,1,Chicago,Usa,5
Merrimac Park,9,5,Chicago,Usa,5
Public Rack - Kedzie Ave & Argyle St,1,1,Chicago,Usa,5
Southport Ave & Waveland Ave,1,15,Chicago,Usa,5
Rainbow Beach,6,9,Chicago,Usa,5
Wabash Ave & 87th St,3,8,Chicago,Usa,5
Lincoln Ave & Melrose St,9,4,Chicago,Usa,5
Public Rack - Hale Ave & 111th St,0,1,Chicago,Usa,5
Public Rack - Kedzie Ave & 61st Pl W,0,1,Chicago,Usa,5
Rockwell/Irving Park Hub,0,120,Chicago,Usa,5
Public Rack - 83rd Pl & Kedzie Ave N,0,2,Chicago,Usa,5
Public Rack - 2302 S Pulaski Rd,0,1,Chicago,Usa,5
Broadway & Sheridan Rd,0,19,Chicago,Usa,5
Western Ave & 79th St,5,8,Chicago,Usa,5
Sedgwick St & North Ave,4,8,Chicago,Usa,5
Public Rack - Homan Ave & 26th St,0,1,Chicago,Usa,5
Millennium Park,4,38,Chicago,Usa,5
Fairbanks Ct & Grand Ave,0,13,Chicago,Usa,5
Central Park Ave & Washington Blvd,5,10,Chicago,Usa,5
Dodge Ave & Church St,11,1,Chicago,Usa,5
Milwaukee Ave & The 606,10,7,Chicago,Usa,5
Sheffield Ave & Fullerton Ave,3,25,Chicago,Usa,5
Public Rack - Kildare Ave & 63rd St,0,2,Chicago,Usa,5
Public Rack - Springfield Ave & Lawrence Ave,3,0,Chicago,Usa,5
McClurg Ct & Erie St,1,27,Chicago,Usa,5
Public Rack - Kedzie Ave & 60th St,0,1,Chicago,Usa,5
Public Rack - Northwest Hwy & Highland Ave,0,2,Chicago,Usa,5
Public Rack - Nordica & Archer,1,0,Chicago,Usa,5
Public Rack - S. Kilpatrick and W. 79th,0,2,Chicago,Usa,5
Public Rack - Springfield & 71st,0,2,Chicago,Usa,5
Public Rack - Overhill Ave & Touhy Ave,0,2,Chicago,Usa,5
Public Rack - Irving Park Rd & Austin Ave,0,4,Chicago,Usa,5
Loomis St & Lexington St,3,16,Chicago,Usa,5
Public Rack - Kimball Ave & Lawrence Ave,1,1,Chicago,Usa,5
Commercial Ave & 90th St,2,14,Chicago,Usa,5
Public Rack - Leader & Caldwell,0,2,Chicago,Usa,5
Public Rack - Northwest Hwy & Raven St,0,4,Chicago,Usa,5
Public Rack - Harvard Ave & 103rd St,0,1,Chicago,Usa,5
St Louis Ave & 51st St,2,14,Chicago,Usa,5
Damen Ave & 87th St,2,12,Chicago,Usa,5
Public Rack - Halsted St & 113th St,0,1,Chicago,Usa,5
Drake Ave & Montrose Ave,3,11,Chicago,Usa,5
Public Rack - Western Ave & 111th St - SW,0,2,Chicago,Usa,5
Sheridan Rd & Buena Ave,2,17,Chicago,Usa,5
Vincennes Ave & 79th St,2,13,Chicago,Usa,5
Shields Ave & 43rd St,7,2,Chicago,Usa,5
Public Rack - Karlov Ave & Lawrence Ave,0,2,Chicago,Usa,5
Elston Ave & Wabansia Ave,10,13,Chicago,Usa,5
Public Rack - Ewing Ave & 101st St,0,1,Chicago,Usa,5
Public Rack - Maplewood Ave & 63rd St,0,1,Chicago,Usa,5
Prairie Ave & 43rd St,1,14,Chicago,Usa,5
Western Ave & Winnebago Ave,1,13,Chicago,Usa,5
Public Rack - Osceola Ave & Touhy Ave,0,4,Chicago,Usa,5
Public Rack - New England Ave & Irving Park Rd,0,2,Chicago,Usa,5
Kedzie Ave & 24th St,1,9,Chicago,Usa,5
Milwaukee Ave & Grand Ave,2,11,Chicago,Usa,5
Public Rack - Mt Greenwood Library - South,0,2,Chicago,Usa,5
Fairfield Ave & Roosevelt Rd,5,6,Chicago,Usa,5
Public Rack - Avers Ave & Irving Park Rd,0,2,Chicago,Usa,5
Public Rack - Evans Ave & 63rd St,1,1,Chicago,Usa,5
Lavergne Ave & 44th St,4,11,Chicago,Usa,5
Public Rack - Oketo & Northwest Hwy,0,2,Chicago,Usa,5
Public Rack - Ozark Ave & Addison St,1,1,Chicago,Usa,5
Sheffield/Cornelia Corral,0,120,Chicago,Usa,5
Marshfield Ave & 44th St,4,7,Chicago,Usa,5
Public Rack - Christiana Ave & Archer Ave,0,0,Chicago,Usa,5
Public Rack - Orville T Bright School,0,2,Chicago,Usa,5
Public Rack - Central Ave & Pensacola Ave,0,2,Chicago,Usa,5
Public Rack - Central Park & Peterson,0,2,Chicago,Usa,5
Public Rack - California Ave & Devon Ave - NW,0,2,Chicago,Usa,5
Baltimore Ave & 87th St,5,10,Chicago,Usa,5
Public Rack - Cottage Grove Ave & 87th St,0,1,Chicago,Usa,5
Public Rack - Campbell Ave & Pratt Blvd,0,1,Chicago,Usa,5
Public Rack - Odell & Talcott,0,2,Chicago,Usa,5
Public Rack - Delphina & Foster,0,2,Chicago,Usa,5
Kedzie Ave & Palmer Ct,7,5,Chicago,Usa,5
Broadway & Waveland Ave,1,12,Chicago,Usa,5
Indiana Ave & 133rd St,1,6,Chicago,Usa,5
Wentworth Ave & Cermak Rd*,7,7,Chicago,Usa,5
Southport Ave & Roscoe St,5,11,Chicago,Usa,5
Kedzie Ave & Chicago Ave,2,8,Chicago,Usa,5
Public Rack - Oketo & Talcott,0,2,Chicago,Usa,5
Throop St & Taylor St,3,10,Chicago,Usa,5
Public Rack - Norwood Park,0,2,Chicago,Usa,5
Archer Ave & 49th St,0,15,Chicago,Usa,5
Public Rack - Bryn Mawr Ave & Spaulding Ave,0,4,Chicago,Usa,5
Public Rack - Harlem & Palatine,0,2,Chicago,Usa,5
Public Rack - Western & 74th,0,2,Chicago,Usa,5
Clarendon Ave & Junior Ter,2,22,Chicago,Usa,5
Cottage Grove Ave & 43rd St,5,6,Chicago,Usa,5
Public Rack - Paul Revere Elementary School,0,3,Chicago,Usa,5
Lawler Ave & 50th St,1,14,Chicago,Usa,5
Public Rack - Kildare Ave & Division Ave,0,1,Chicago,Usa,5
Bradley Park,1,10,Chicago,Usa,5
DuSable Lake Shore Dr & Diversey Pkwy,14,1,Chicago,Usa,5
Indiana Ave & 31st St,3,7,Chicago,Usa,5
Public Rack - Monticello Ave & Belmont Ave,0,2,Chicago,Usa,5
Homan Ave & 65th St,6,6,Chicago,Usa,5
Public Rack - Western Ave & 105th St,0,2,Chicago,Usa,5
Public Rack - Kenneth Ave & 63rd St E,0,1,Chicago,Usa,5
Albany Ave & 26th St,5,5,Chicago,Usa,5
Public Rack - Greenwood Ave & 87th St,0,1,Chicago,Usa,5
Orleans St & Elm St,4,10,Chicago,Usa,5
Lawndale Ave & 59th St,4,12,Chicago,Usa,5
Public Rack - Racine Ave & 109th Pl,0,1,Chicago,Usa,5
LaSalle Dr & Huron St,1,16,Chicago,Usa,5
Long Ave & Diversey Ave,6,8,Chicago,Usa,5
Public Rack - Kedzie Ave & 61st Pl E,0,1,Chicago,Usa,5
Richmond St & Lincoln Ave,0,10,Chicago,Usa,5
Ravenswood Ave & Lawrence Ave,12,32,Chicago,Usa,5
Public Rack - Mulligan & Northwest Hwy,0,2,Chicago,Usa,5
Public Rack - Narragansett Ave & Fullerton Ave,1,1,Chicago,Usa,5
Public Rack - Central & Prescott,0,2,Chicago,Usa,5
Public Rack - Ashland Ave & 45th St  S,0,1,Chicago,Usa,5
Leavitt St & Lawrence Ave,5,14,Chicago,Usa,5
Albany Ave & Bloomingdale Ave,2,13,Chicago,Usa,5
Kedzie Ave & 83rd St,2,13,Chicago,Usa,5
Wabash Ave & Grand Ave,4,24,Chicago,Usa,5
Public Rack - Central Ave & North Ave,1,0,Chicago,Usa,5
Public Rack - Strohacker Park,0,2,Chicago,Usa,5
Mozart St & 79th St,4,9,Chicago,Usa,5
Southport Ave & Clybourn Ave,3,9,Chicago,Usa,5
Bernard St & Peterson Ave,2,13,Chicago,Usa,5
Public Rack - Pulaski Rd & 41st,0,2,Chicago,Usa,5
Public Rack - Albany Ave & 111th St - NW,0,1,Chicago,Usa,5
California Ave & 23rd Pl,0,11,Chicago,Usa,5
Ogden Ave & Race Ave,4,9,Chicago,Usa,5
Public Rack - Kedzie Ave & 63rd St,0,1,Chicago,Usa,5
Kosciuszko Park,2,12,Chicago,Usa,5
Public Rack - Bishop St & 81st St,0,2,Chicago,Usa,5
Public Rack - Western Ave & 96th St,0,1,Chicago,Usa,5
LaSalle St & Washington St Corral,0,34,Chicago,Usa,5
Ashland Ave & McDowell Ave,5,6,Chicago,Usa,5
Francisco Ave & 85th St,1,13,Chicago,Usa,5
Public Rack - Milwaukee Ave & Diversey Ave,0,2,Chicago,Usa,5
Pulaski Rd & 68th St,4,11,Chicago,Usa,5
Clinton St & Jackson Blvd,15,9,Chicago,Usa,5
Cottage Grove Ave & 51st St,3,12,Chicago,Usa,5
Leavitt St & Division St,0,14,Chicago,Usa,5
Public Rack - 53rd St & Indiana Ave,0,1,Chicago,Usa,5
Ogden Ave & Chicago Ave,5,10,Chicago,Usa,5
Lavergne Ave & Fullerton Ave,5,10,Chicago,Usa,5
Scottsdale Park,1,10,Chicago,Usa,5
Lavergne Ave & 46th St,3,9,Chicago,Usa,5
Public Rack - Lake Shore Dr & Hayes Dr,0,1,Chicago,Usa,5
Public Rack - Cicero Ave & Wrightwood Ave,0,4,Chicago,Usa,5
Broadway & Granville Ave,9,10,Chicago,Usa,5
Kostner Ave & Adams St,5,6,Chicago,Usa,5
Public Rack - Calumet Ave & 103rd St,0,1,Chicago,Usa,5
Public Rack - Miami Ave & Milwaukee Ave,0,3,Chicago,Usa,5
Halsted St & 111th St,2,12,Chicago,Usa,5
Cottage Grove Ave & 63rd St,0,15,Chicago,Usa,5
Leavitt St & Belmont Ave,5,3,Chicago,Usa,5
Lincoln Ave & Fullerton Ave,3,11,Chicago,Usa,5
Broadway & Oakdale Ave,1,10,Chicago,Usa,5
Public Rack - Legler Regional Library,0,2,Chicago,Usa,5
Public Rack - Kedzie Ave & 54th St - SW,0,1,Chicago,Usa,5
Waveland/Racine Corral,0,120,Chicago,Usa,5
Public Rack - Hamlin Ave & Fullerton Ave,1,1,Chicago,Usa,5
Public Rack - Paxton Ave & 79th St,0,1,Chicago,Usa,5
Public Rack - Kostner Ave & 16th St,0,1,Chicago,Usa,5
Public Rack - Torrence Ave & 98th St,0,2,Chicago,Usa,5
Public Rack - Pullman - Planet Fitness,0,1,Chicago,Usa,5
Monticello Ave & Lawrence Ave,0,11,Chicago,Usa,5
Public Rack - Linder Ave & 51st St,0,2,Chicago,Usa,5
Parnell Ave & 31st St,0,15,Chicago,Usa,5
Dearborn St & Adams St,6,21,Chicago,Usa,5
Lincoln Ave & Waveland Ave,13,1,Chicago,Usa,5
Dodge Ave & Main St,8,7,Chicago,Usa,5
Halsted St & Maxwell St,6,9,Chicago,Usa,5
Major Ave & Addison St,4,6,Chicago,Usa,5
Public Rack - Green St & 103rd St,0,1,Chicago,Usa,5
Public Rack - Lamon Ave & Archer Ave,0,1,Chicago,Usa,5
Clark St & Bryn Mawr Ave,0,11,Chicago,Usa,5
Public Rack - Cottage Grove & 85th St,0,1,Chicago,Usa,5
Western Ave & 81st St,3,12,Chicago,Usa,5
Long Ave & North Ave,6,7,Chicago,Usa,5
Broadway & Wilson Ave,9,12,Chicago,Usa,5
Vincennes Ave & 107th St,0,12,Chicago,Usa,5
Public Rack - Michigan Ave & 119th St,1,0,Chicago,Usa,5
Ashland Ave & Lake St,13,3,Chicago,Usa,5
Public Rack - East End Ave & 87th St,0,1,Chicago,Usa,5
Commercial Ave & 83rd St,2,9,Chicago,Usa,5
Public Rack - Lake Park Ave & 44th St,0,1,Chicago,Usa,5
Public Rack - Harold Washington Park,2,1,Chicago,Usa,5
Kildare Ave & 55th St,3,12,Chicago,Usa,5
Steelworkers Park,15,1,Chicago,Usa,5
Green St & Washington Blvd,1,9,Chicago,Usa,5
Damen Ave & Division St,5,12,Chicago,Usa,5
Public Rack - Fairfield Ave & 63rd St,0,1,Chicago,Usa,5
Public Rack - East End Ave & 75th St,0,2,Chicago,Usa,5
Public Rack - Penn Elementary School / KIPP Ascend Middle School,2,2,Chicago,Usa,5
LaSalle St & Adams St,3,10,Chicago,Usa,5
Clybourn Ave & Division St,6,6,Chicago,Usa,5
Harding Ave & 31st St,5,10,Chicago,Usa,5
Wolcott (Ravenswood) Ave & Montrose Ave,9,6,Chicago,Usa,5
California Ave & Milwaukee Ave,3,11,Chicago,Usa,5
Aberdeen St & 103rd St,2,13,Chicago,Usa,5
Public Rack - Central Ave & Lawrence Ave,0,4,Chicago,Usa,5
Public Rack - Austin Ave & Wellington Ave,0,1,Chicago,Usa,5
Harlem Ave & Grace St,2,13,Chicago,Usa,5
Orange Ave & Addison St,4,10,Chicago,Usa,5
Public Rack - Avenue O & 118th St,0,1,Chicago,Usa,5
Calumet Park,3,12,Chicago,Usa,5
Public Rack - Western Ave & 106th St - West,0,1,Chicago,Usa,5
Orleans St & Merchandise Mart Plaza,0,34,Chicago,Usa,5
Kildare & Cermak,5,6,Chicago,Usa,5
Long Ave & Belmont Ave,2,13,Chicago,Usa,5
Noble St & Milwaukee Ave,1,10,Chicago,Usa,5
Public Rack - Ewing Ave & 95th St,0,1,Chicago,Usa,5
North Boundary Park,5,6,Chicago,Usa,5
Halsted St & 93rd St,2,14,Chicago,Usa,5
Public Rack - Halsted St & 102nd St,0,1,Chicago,Usa,5
Public Rack - Jeffery Blvd & 83rd St,0,1,Chicago,Usa,5
Michigan Ave & 113th St,10,6,Chicago,Usa,5
Public Rack - Rockwell Ave & Touhy Ave ,0,2,Chicago,Usa,5
Western Ave & Granville Ave,6,4,Chicago,Usa,5
Public Rack - Latrobe Ave & Lake St,0,1,Chicago,Usa,5
Public Rack - Canty Elementary School,0,2,Chicago,Usa,5
Wabash Ave & 83rd St,5,6,Chicago,Usa,5
Public Rack - Burnside Academy,0,2,Chicago,Usa,5
Kildare Ave & Chicago Ave,7,8,Chicago,Usa,5
Clarendon Ave & Leland Ave,8,6,Chicago,Usa,5
Public Rack - Mt Greenwood Library N,0,2,Chicago,Usa,5
Public Rack - Kedvale Ave & Peterson Ave,0,4,Chicago,Usa,5
Kedzie Ave & Lake St,2,13,Chicago,Usa,5
Public Rack - Lorel Ave & Chicago Ave,0,2,Chicago,Usa,5
Sangamon St & Lake St,6,11,Chicago,Usa,5
Sedgwick St & Huron St,1,26,Chicago,Usa,5
Public Rack - Perry Ave & 108th Pl,0,2,Chicago,Usa,5
Elston Ave & George St,0,11,Chicago,Usa,5
Public Rack - Parkside & Elston,0,2,Chicago,Usa,5
Oglesby Ave & 100th St,3,12,Chicago,Usa,5
State St & 79th St,2,9,Chicago,Usa,5
Public Rack - Yates Ave & 100th St,0,2,Chicago,Usa,5
Public Rack - Avenue M & 132nd St,0,2,Chicago,Usa,5
Public Rack - Leclaire Ave & Division St,0,0,Chicago,Usa,5
Ravenswood Ave & Irving Park Rd,9,8,Chicago,Usa,5
Ashland Ave & 78th St,4,11,Chicago,Usa,5
Dauphin Ave & 103rd St,3,11,Chicago,Usa,5
South Shore Dr & 74th St,0,11,Chicago,Usa,5
Public Rack - Keef Ave & South Chicago Ave,0,1,Chicago,Usa,5
Public Rack - Longwood Dr & 95th St,0,1,Chicago,Usa,5
Public Rack - Ashland Ave & 91st St,0,0,Chicago,Usa,5
Public Rack - Ada St & 79th St,0,2,Chicago,Usa,5
Public Rack - Spaulding Ave & Foster Ave,0,1,Chicago,Usa,5
Michigan Ave & 14th St,3,14,Chicago,Usa,5
Public Rack - Newcastle & Archer,0,1,Chicago,Usa,5
Public Rack - Western Blvd & 52nd St,0,1,Chicago,Usa,5
Wells St & Hubbard St,3,26,Chicago,Usa,5
Public Rack - Calumet Ave & Garfield Blvd,0,1,Chicago,Usa,5
Western Ave & Grace St,8,3,Chicago,Usa,5
Public Rack - Minnehaha Ave & Devon Ave,0,2,Chicago,Usa,5
St. Louis Ave & Fullerton Ave,13,5,Chicago,Usa,5
Public Rack - Jensen Park,0,1,Chicago,Usa,5
Damen Ave & Lake St,3,4,Chicago,Usa,5
Fort Dearborn Dr & 31st St*,13,7,Chicago,Usa,5
Doty Ave & 111th St,8,5,Chicago,Usa,5
Public Rack - Lockwood & Archer,1,0,Chicago,Usa,5
Kostner Ave & Wrightwood Ave,1,14,Chicago,Usa,5
Western Ave & Division St,2,21,Chicago,Usa,5
Broadway & Sunnyside Ave,2,9,Chicago,Usa,5
Public Rack - State ST & 42nd St,1,0,Chicago,Usa,5
Public Rack - Cicero Ave & Roscoe St,0,1,Chicago,Usa,5
Damen Ave & Leland Ave,4,7,Chicago,Usa,5
Burling St & Diversey Pkwy,4,6,Chicago,Usa,5
Western Ave & Lunt Ave,3,12,Chicago,Usa,5
Evans Ave & 75th St,1,6,Chicago,Usa,5
Lockwood Ave & Wrightwood Ave,5,10,Chicago,Usa,5
Kostner Ave & Belmont Ave,2,10,Chicago,Usa,5
Whipple St & Roosevelt Rd,1,10,Chicago,Usa,5
Federal St & Polk St,3,11,Chicago,Usa,5
Public Rack - California Ave & Touhy Ave - midblock,0,1,Chicago,Usa,5
Rockwell St & 63rd St,1,7,Chicago,Usa,5
LaSalle St & Jackson Blvd Corral,0,52,Chicago,Usa,5
Sheffield Ave & Wellington Ave,4,18,Chicago,Usa,5
Pulaski Rd & Congress Pkwy,1,10,Chicago,Usa,5
Public Rack - Kedzie Ave & Arthington St,0,1,Chicago,Usa,5
Public Rack - Michigan Ave & 67th St,0,2,Chicago,Usa,5
Public Rack - Crandon Ave & 80th St,0,1,Chicago,Usa,5
Public Rack - Avers Ave & Archer Ave,0,2,Chicago,Usa,5
Sheffield Ave & Kingsbury St,10,5,Chicago,Usa,5
Public Rack - Avers & Granville,0,2,Chicago,Usa,5
Harper Ave & 59th St,2,9,Chicago,Usa,5
Public Rack - Sacramento Ave & Devon Ave,0,1,Chicago,Usa,5
Public Rack - Wolcott Ave & 56th St,0,2,Chicago,Usa,5
Richmond St & Diversey Ave,6,8,Chicago,Usa,5
Public Rack - Clyde Ave & 87th St,0,3,Chicago,Usa,5
Public Rack - Abbott Park,0,2,Chicago,Usa,5
State St & 111th St,3,13,Chicago,Usa,5
Damen Ave & Pierce Ave,16,3,Chicago,Usa,5
State St & Van Buren St,4,14,Chicago,Usa,5
Wood St & Chicago Ave,5,8,Chicago,Usa,5
Public Rack - Kedvale Ave & 63rd St W,0,1,Chicago,Usa,5
W Washington Blvd & N Peoria St,1,8,Chicago,Usa,5
Sacramento Blvd & Addison St,3,8,Chicago,Usa,5
Public Rack - Neenah & Dakin,0,2,Chicago,Usa,5
Keeler Ave & Carmen Ave,3,9,Chicago,Usa,5
Western Ave & Fillmore St,6,3,Chicago,Usa,5
Clark St & Lunt Ave,15,3,Chicago,Usa,5
Public Rack - South Shore High School,0,3,Chicago,Usa,5
Public Rack - Parkside & Archer,0,1,Chicago,Usa,5
Public Rack - Halsted St & 76th St,0,4,Chicago,Usa,5
Public Rack - Harlem & Summerdale,0,2,Chicago,Usa,5
Public Rack - Laflin St &51st ST,0,2,Chicago,Usa,5
Francisco Ave & Montrose Ave,0,11,Chicago,Usa,5
Public Rack - Panama Ave & Forest Preserve Ave,0,2,Chicago,Usa,5
Public Rack - Western Ave & 110th St,1,2,Chicago,Usa,5
Francisco Ave & 47th St,4,11,Chicago,Usa,5
Sheffield Ave & Willow St,2,12,Chicago,Usa,5
Cicero Ave & Flournoy St,3,8,Chicago,Usa,5
Dusable Harbor,3,26,Chicago,Usa,5
Public Rack - Kenton & Lawrence,0,2,Chicago,Usa,5
Dearborn St & Van Buren St,2,11,Chicago,Usa,5
South Shore Dr & 71st St,4,11,Chicago,Usa,5
Public Rack - Bensley Ave & 103rd St,0,1,Chicago,Usa,5
Laramie Ave & Bloomingdale Ave,5,6,Chicago,Usa,5
Broadway & Barry Ave,6,11,Chicago,Usa,5
Public Rack - Marquette Ave & 79th St,0,1,Chicago,Usa,5
Wabash Ave & 49th St,1,14,Chicago,Usa,5
Public Rack - Wood St & 47th St,0,1,Chicago,Usa,5
California Ave & Francis Pl,6,7,Chicago,Usa,5
Public Rack - Nordica Ave & Higgins Ave,0,2,Chicago,Usa,5
Public Rack - Cottage Grove & 84th St,3,0,Chicago,Usa,5
Mies van der Rohe Way & Chestnut St,5,3,Chicago,Usa,5
State St & 123rd St,6,9,Chicago,Usa,5
Public Rack - Mobile Ave & Archer Ave,0,4,Chicago,Usa,5
Burley Ave & 91st St,2,13,Chicago,Usa,5
Public Rack - Austin Ave & Wrightwood Ave,0,0,Chicago,Usa,5
Sheridan Rd & Noyes St (NU),8,4,Chicago,Usa,5
Public Rack - Bradley Park,0,1,Chicago,Usa,5
Public Rack - Lafayette Ave & 95th St,0,9,Chicago,Usa,5
Public Rack - Grand Ave & North Ave,0,2,Chicago,Usa,5
Kedzie Ave & Harrison St,3,7,Chicago,Usa,5
Public Rack - Exchange Ave & 131st St,0,1,Chicago,Usa,5
Wells St & 19th St,5,4,Chicago,Usa,5
Major Taylor Trail & 124th St,3,11,Chicago,Usa,5
State St & 19th St,3,8,Chicago,Usa,5
Hoyne Ave & Balmoral Ave,5,8,Chicago,Usa,5
Monticello Ave & Chicago Ave,8,3,Chicago,Usa,5
Sheffield Ave & Wrightwood Ave,0,30,Chicago,Usa,5
Morgan St & 18th St,4,8,Chicago,Usa,5
Altgeld Gardens,4,11,Chicago,Usa,5
Public Rack - Normal Ave & 111th St,0,1,Chicago,Usa,5
Damen Ave & Melrose Ave,4,9,Chicago,Usa,5
Public Rack - Wilbur Wright College North,0,3,Chicago,Usa,5
Public Rack - Halsted St & 64th St,0,2,Chicago,Usa,5
Wabash Ave & Wacker Pl,0,17,Chicago,Usa,5
Public Rack - Pulaski & 84th,0,2,Chicago,Usa,5
Public Rack - McVicker Ave & Grand Ave,0,1,Chicago,Usa,5
Racine Ave & Garfield Blvd,4,7,Chicago,Usa,5
Public Rack - Mason Ave & Archer Ave,0,2,Chicago,Usa,5
Tripp Ave & 65th St,0,15,Chicago,Usa,5
Racine Ave & Congress Pkwy,8,11,Chicago,Usa,5
Logan Blvd & Elston Ave,18,5,Chicago,Usa,5
Public Rack - Eberhart Ave & 131st St,0,2,Chicago,Usa,5
Eggleston Ave & 115th St,2,14,Chicago,Usa,5
Public Rack - Claremont Ave & 71st St,0,1,Chicago,Usa,5
Public Rack - Cottage Grove & 86th St,1,0,Chicago,Usa,5
Indiana Ave & 103rd St,0,14,Chicago,Usa,5
Oakley Ave & Irving Park Rd,5,9,Chicago,Usa,5
Public Rack - Kedzie Ave & 64th St - SE,0,1,Chicago,Usa,5
Sacramento Blvd & Franklin Blvd,4,7,Chicago,Usa,5
Public Rack - Sangamon St & 79th St,0,1,Chicago,Usa,5
Ashland Ave & Pershing Rd,2,7,Chicago,Usa,5
Halsted St & 21st St,5,4,Chicago,Usa,5
California Ave & Altgeld St,7,7,Chicago,Usa,5
Public Rack - Maryland Ave & 87th ST,0,1,Chicago,Usa,5
Greenview Ave & Diversey Pkwy,8,6,Chicago,Usa,5
Kedzie Ave & 57th St,3,12,Chicago,Usa,5
Public Rack - Racine Ave & 76th,0,2,Chicago,Usa,5
Troy St & Jackson Blvd,0,12,Chicago,Usa,5
Public Rack - Nagel & Higgins,1,1,Chicago,Usa,5
Carpenter St & Huron St,9,8,Chicago,Usa,5
Public Rack - Archer Park,0,2,Chicago,Usa,5
Vincennes Ave & 95th St,4,12,Chicago,Usa,5
Public Rack - 10557 S Western Ave,0,2,Chicago,Usa,5
Public Rack - Kedvale Ave & Avondale Ave,0,1,Chicago,Usa,5
Public Rack - Saginaw Ave & 93rd St,0,1,Chicago,Usa,5
Waveland/Wilton Corral,0,120,Chicago,Usa,5
Public Rack - Halsted St & 95th St - SW,0,1,Chicago,Usa,5
Public Rack - Lowe Park,0,2,Chicago,Usa,5
Public Rack - S. New England/ W. 65th,0,2,Chicago,Usa,5
Public Rack - Winona St & Elston Ave,0,4,Chicago,Usa,5
Rockwell St & 47th St,2,13,Chicago,Usa,5
Public Rack - Montrose Ave & Lavergne Ave,0,4,Chicago,Usa,5
Menard Ave & North Ave,2,8,Chicago,Usa,5
State St & 29th St,5,6,Chicago,Usa,5
Grace St & Central Ave,2,13,Chicago,Usa,5
Sheridan Rd & Montrose Ave,6,16,Chicago,Usa,5
Millard Ave & 26th St,3,3,Chicago,Usa,5
Halsted St & 56th St,5,6,Chicago,Usa,5
Oriole Ave & Irving Park Rd,2,9,Chicago,Usa,5
Bissell St & Armitage Ave*,6,6,Chicago,Usa,5
Central Park Ave & 24th St,3,8,Chicago,Usa,5
Paulina Ave & North Ave,11,4,Chicago,Usa,5
Mulligan Ave & Archer Ave,4,11,Chicago,Usa,5
Public Rack - Vincennes Ave & 87th St,0,1,Chicago,Usa,5
DuSable Lake Shore Dr & Monroe St,1,37,Chicago,Usa,5
Public Rack - Oakley & 79th Pl,0,1,Chicago,Usa,5
Kedzie Ave & Roosevelt Rd,8,3,Chicago,Usa,5
Public Rack - Calumet Ave & 133rd St,0,2,Chicago,Usa,5
Clinton St & Roosevelt Rd,4,9,Chicago,Usa,5
MLK Jr Dr & 47th St,1,9,Chicago,Usa,5
Stony Island Ave & 64th St,4,7,Chicago,Usa,5
Public Rack - New England Ave & Grace St,0,1,Chicago,Usa,5
Public Rack - Rockwell & 111th St,0,2,Chicago,Usa,5
Public Rack - Stony Is Ave & 73rd St,0,2,Chicago,Usa,5
Larrabee St & Oak St,1,15,Chicago,Usa,5
Public Rack - Lotus Ave & Lawrence Ave,0,2,Chicago,Usa,5
Racine Ave & Washington Blvd,1,10,Chicago,Usa,5
Public Rack - Harvey Ave & North Ave,0,3,Chicago,Usa,5
Jefferson St & Monroe St,8,11,Chicago,Usa,5
California Ave & 71st St,1,14,Chicago,Usa,5
Clark St & North Ave,12,1,Chicago,Usa,5
Racine/Eddy Corral,0,120,Chicago,Usa,5
Lincolnwood Dr & Central St,10,5,Chicago,Usa,5
Narragansett Ave & Wrightwood Ave,8,6,Chicago,Usa,5
Public Rack - Avenue J & 106th St,0,1,Chicago,Usa,5
Central Park Ave & 66th St,4,11,Chicago,Usa,5
California Ave & 26th St,2,9,Chicago,Usa,5
Public Rack - Milwaukee Ave & Haussen Ct,0,2,Chicago,Usa,5
Franklin St & Adams St Corral,0,20,Chicago,Usa,5
Public Rack - Oketo Ave & Belmont Ave,0,1,Chicago,Usa,5
Public Rack - Wentworth Park,0,0,Chicago,Usa,5
Public Rack - Artesian & 71st,0,2,Chicago,Usa,5
Washtenaw Ave & Peterson Ave,5,5,Chicago,Usa,5
Southport Ave & Clark St,3,6,Chicago,Usa,5
Broadway & Belmont Ave,0,19,Chicago,Usa,5
Clark St & Montrose Ave,1,16,Chicago,Usa,5
Western Ave & Gunnison St,1,11,Chicago,Usa,5
Public Rack - Sawyer Ave & Chicago Ave,0,1,Chicago,Usa,5
Public Rack - Central Ave & Corcoran Pl,0,1,Chicago,Usa,5
Halsted St & 78th St,2,13,Chicago,Usa,5
St. Clair St & Erie St,3,10,Chicago,Usa,5
Public Rack - Ewing Ave & 105th St,0,1,Chicago,Usa,5
Damen Ave & Wabansia Ave,1,11,Chicago,Usa,5
Washtenaw Ave & Polk St,2,10,Chicago,Usa,5
Milwaukee Ave & Agatite Ave,2,12,Chicago,Usa,5
Monticello Ave & Irving Park Rd,7,5,Chicago,Usa,5
Public Rack - Baker Ave & 863rd Pl,0,1,Chicago,Usa,5
Public Rack - Wabash Ave & 87th St,0,1,Chicago,Usa,5
Clark St & Lake St,2,35,Chicago,Usa,5
Public Rack - Irving Park Rd & Leclaire Ave,0,2,Chicago,Usa,5
Kedzie Ave & 54th Pl,11,0,Chicago,Usa,5
Cannon Dr & Fullerton Ave,6,2,Chicago,Usa,5
Hermitage Ave & Polk St,6,9,Chicago,Usa,5
Cherry Ave & Blackhawk St,3,12,Chicago,Usa,5
Public Rack - Melvina & Foster,0,2,Chicago,Usa,5
California Ave & 21st St,4,11,Chicago,Usa,5
Wells St & Concord Ln,15,0,Chicago,Usa,5
Public Rack - Pulaski Rd & 5th Ave,0,1,Chicago,Usa,5
Public Rack - Northwest Hwy & Overhill Ave,0,3,Chicago,Usa,5
Austin Blvd & Lake St,2,9,Chicago,Usa,5
Public Rack - Western & 83rd,0,2,Chicago,Usa,5
LaSalle St & Washington St,3,10,Chicago,Usa,5
Sheridan Rd & Lawrence Ave,6,10,Chicago,Usa,5
Ashland Ave & Blackhawk St,0,12,Chicago,Usa,5
Public Rack - Ada St & 119th St,0,1,Chicago,Usa,5
Long & Irving Park,3,8,Chicago,Usa,5
Public Rack - Lavergne Ave & Belle Plaine Ave,1,2,Chicago,Usa,5
Public Rack - Exchange Ave & 73rd Pl,0,1,Chicago,Usa,5
Clark St & Lincoln Ave,16,1,Chicago,Usa,5
Public Rack - Leland Ave & Melvina Ave,0,4,Chicago,Usa,5
Public Rack - Brooks Park,0,3,Chicago,Usa,5
Public Rack - Zapata Academy,0,3,Chicago,Usa,5
Clark St & Chicago Ave,2,16,Chicago,Usa,5
Conservatory Dr & Lake St,1,10,Chicago,Usa,5
Public Rack - Leoti Ave & Central Ave (south),0,4,Chicago,Usa,5
Public Rack - May St & 78th St,0,1,Chicago,Usa,5
Yates Blvd & 75th St,3,7,Chicago,Usa,5
Pulaski Rd & 51st St,5,9,Chicago,Usa,5
Ashland Ave & Grace St,0,10,Chicago,Usa,5
"Public Rack - Senka ""Edward Duke"" Park",0,2,Chicago,Usa,5
Stony Island Ave & 63rd St,5,6,Chicago,Usa,5
Meade Ave & Diversey Ave,4,10,Chicago,Usa,5
Stewart Ave & 83rd St,11,4,Chicago,Usa,5
Damen Ave & 74th St,2,8,Chicago,Usa,5
Public Rack - Haft Ave & Milwaukee Ave,0,1,Chicago,Usa,5
Eggleston Ave & 69th St,3,7,Chicago,Usa,5
Public Rack - Houston Ave & 91st St,0,1,Chicago,Usa,5
Morgan St & Pershing Rd,6,1,Chicago,Usa,5
Public Rack - Komensky Ave & 63rd St,0,1,Chicago,Usa,5
Canal St & Madison St,2,39,Chicago,Usa,5
Ashland Ave & 13th St,7,6,Chicago,Usa,5
Public Rack - Mozart Elementary School,0,6,Chicago,Usa,5
Whipple/Irving Park,1,10,Chicago,Usa,5
Public Rack - Parkside & 63rd,0,2,Chicago,Usa,5
Public Rack - Ashland Ave & 45th St,0,1,Chicago,Usa,5
Public Rack - Austin & 62nd,0,2,Chicago,Usa,5
Public Rack - Natoma Ave & 61st St,0,3,Chicago,Usa,5
Sheridan Rd & Argyle St,7,8,Chicago,Usa,5
N Damen Ave & W Chicago Ave,2,6,Chicago,Usa,5
Morgan St & Polk St,14,4,Chicago,Usa,5
Evanston Civic Center,6,8,Chicago,Usa,5
Public Rack - Wolcott Ave & 61st St,1,3,Chicago,Usa,5
Wells St & Evergreen Ave,3,15,Chicago,Usa,5
Laflin St & 115th St,3,12,Chicago,Usa,5
Granville Ave & Pulaski Rd,3,8,Chicago,Usa,5
Lake Park Ave & 56th St,4,14,Chicago,Usa,5
Drexel Ave & 60th St,10,4,Chicago,Usa,5
Michigan Ave & Pearson St,3,18,Chicago,Usa,5
Public Rack - Western Blvd & 49th St,0,1,Chicago,Usa,5
Public Rack - Laramie Ave & Grand Ave,0,2,Chicago,Usa,5
Damen Ave & Grand Ave,7,13,Chicago,Usa,5
Public Rack - California & 82nd,0,2,Chicago,Usa,5
LaSalle St & Adams St Corral,0,52,Chicago,Usa,5
Public Rack - Linder Ave & Archer Ave,1,1,Chicago,Usa,5
Walden Pkwy & 100th St,1,14,Chicago,Usa,5
Emerald Ave & 28th St,1,13,Chicago,Usa,5
Western Ave & 104th St,1,13,Chicago,Usa,5
Public Rack - Houston Ave & 130th St,0,1,Chicago,Usa,5
Public Rack - Cornell Ave & 87th Pl,0,1,Chicago,Usa,5
Halsted St & 63rd St,2,9,Chicago,Usa,5
Calumet Ave & 33rd St,2,9,Chicago,Usa,5
Public Rack - Whipple St & 63rd St,1,0,Chicago,Usa,5
Public Rack - Linder & 51st,0,2,Chicago,Usa,5
Western Ave & Walton St,9,12,Chicago,Usa,5
Public Rack - Imlay & Milwaukee,0,1,Chicago,Usa,5
Wilton Ave & Addison St,0,13,Chicago,Usa,5
California Ave & Montrose Ave,2,13,Chicago,Usa,5
Woodlawn & 103rd,0,11,Chicago,Usa,5
Western Ave & 21st St,5,8,Chicago,Usa,5
Public Rack - Irving Park Rd & Parkside Ave,0,4,Chicago,Usa,5
Central Ave & Parker Ave,1,11,Chicago,Usa,5
Elmwood Ave & Austin St,12,3,Chicago,Usa,5
Public Rack - Lawndale Ave & 63rd St,1,0,Chicago,Usa,5
Desplaines St & Kinzie St,11,13,Chicago,Usa,5
Public Rack - King Dr & 115th St,0,1,Chicago,Usa,5
Lincoln Ave & Addison St,10,7,Chicago,Usa,5
Public Rack - Ada St & 117th St,0,1,Chicago,Usa,5
Kildare Ave & Montrose Ave,3,12,Chicago,Usa,5
California Ave & Granville Ave,6,6,Chicago,Usa,5
Public Rack - Central Park & Bryn Mawr,0,2,Chicago,Usa,5
Public Rack - Kostner Ave & Lake St,0,1,Chicago,Usa,5
Public Rack - Kedzie & 103rd St - East,0,1,Chicago,Usa,5
Benson Ave & Church St,7,5,Chicago,Usa,5
Ashland Ave & 74th St,2,13,Chicago,Usa,5
Kedzie Ave & 45th St,2,6,Chicago,Usa,5
Western Ave & Roscoe St,8,3,Chicago,Usa,5
Public Rack - Laporte Ave & Armitage Ave,0,2,Chicago,Usa,5
Public Rack - Mont Clare Ave & Higgins Ave,0,2,Chicago,Usa,5
California Ave & 41st St,2,13,Chicago,Usa,5
Damen Ave & 51st St,3,4,Chicago,Usa,5
Public Rack - Milwaukee Ave & Leland Ave,0,2,Chicago,Usa,5
Public Rack - Pulaski Rd & Polk St,0,1,Chicago,Usa,5
California Ave & Winona St,0,6,Chicago,Usa,5
Public Rack - Central Park Ave & Ogden Ave,0,3,Chicago,Usa,5
Public Rack - Nashotah & Northwest Hwy,0,1,Chicago,Usa,5
Public Rack - Lorel Ave & Grand Ave,0,10,Chicago,Usa,5
Hegewisch Metra Station,2,13,Chicago,Usa,5
Winchester Ave & Elston Ave,9,6,Chicago,Usa,5
Public Rack - Independence Blvd & Roosevelt,1,0,Chicago,Usa,5
Public Rack - Central & Berteau,0,2,Chicago,Usa,5
Public Rack - Avondale Ave & Addison St,0,4,Chicago,Usa,5
Public Rack - Laramie Ave & Fullerton Ave,0,2,Chicago,Usa,5
Public Rack - Karlov Ave & Kamerling Ave,0,2,Chicago,Usa,5
California Ave & Fletcher St,9,9,Chicago,Usa,5
Ashland Ave & Garfield Blvd,3,8,Chicago,Usa,5
Kedzie Ave & 110th St,3,8,Chicago,Usa,5
Public Rack - Kedvale Ave & 26th St,0,1,Chicago,Usa,5
Sheridan Rd & Columbia Ave,6,7,Chicago,Usa,5
Harlem Ave & Irving Park Rd,2,13,Chicago,Usa,5
Halsted St & Roscoe St,1,9,Chicago,Usa,5
Public Rack - Ada St & 95th St,0,1,Chicago,Usa,5
Public Rack - Pulaski Rd & Flournoy St,1,0,Chicago,Usa,5
Grace/Sheffield Corral,0,120,Chicago,Usa,5
Kedzie Ave & Foster Ave,3,8,Chicago,Usa,5
Public Rack - Vincennes Ave & 91st St,0,1,Chicago,Usa,5
Public Rack - Hollywood Park,0,1,Chicago,Usa,5
Public Rack - Karlov Ave & Milwaukee Ave,0,1,Chicago,Usa,5
Public Rack - Ashland Ave & 46th St,0,1,Chicago,Usa,5
Public Rack - Calumet Ave & 51st St,1,0,Chicago,Usa,5
Public Rack - Chappel Ave & 71st St,0,2,Chicago,Usa,5
Public Rack - Stony Island & 95th St,0,1,Chicago,Usa,5
Wentworth Ave & 24th St,4,9,Chicago,Usa,5
Lamon Ave & Belmont Ave,3,8,Chicago,Usa,5
Wallace St & 35th St,4,9,Chicago,Usa,5
Halsted St & Archer Ave,2,13,Chicago,Usa,5
Kingsbury St & Kinzie St,6,23,Chicago,Usa,5
Troy St & Grace St,0,11,Chicago,Usa,5
Edgebrook Metra,9,6,Chicago,Usa,5
Public Rack - Nina Ave & Avondale Ave,0,2,Chicago,Usa,5
Lake Park Ave & 53rd St,11,2,Chicago,Usa,5
Avers Ave & 16th St,5,11,Chicago,Usa,5
MLK Jr Dr & 29th St,7,9,Chicago,Usa,5
Sacramento Ave & Pratt Blvd,1,8,Chicago,Usa,5
Public Rack - Lawndale Ave & Polk St,0,2,Chicago,Usa,5
Public Rack - Prairie Ave & Garfield Blvd N,0,1,Chicago,Usa,5
Summit Ave & 86th St,2,13,Chicago,Usa,5
Public Rack - Christiana Ave & Belmont Ave,1,5,Chicago,Usa,5
Western Ave & Congress Pkwy,5,13,Chicago,Usa,5
Public Rack - Cicero & Rosemont,0,2,Chicago,Usa,5
Public Rack - Newcastle Ave & Belmont Ave,0,2,Chicago,Usa,5
Wabash Ave & 9th St,3,16,Chicago,Usa,5
Sheffield/Newport Corral,1,119,Chicago,Usa,5
Loomis St & 95th St,1,15,Chicago,Usa,5
Western Ave & Howard St,4,10,Chicago,Usa,5
Public Rack - Princeton Ave & 99th Pl,0,0,Chicago,Usa,5
Public Rack - Marquette Ave & 83rd St,0,1,Chicago,Usa,5
Sheffield Ave & Addison St ,7,2,Chicago,Usa,5
Central Ave & Altgeld St,1,14,Chicago,Usa,5
Public Rack - Homan Ave & Roosevelt,0,1,Chicago,Usa,5
Michigan Ave & Madison St,1,16,Chicago,Usa,5
Mason Ave & Grand Ave,9,6,Chicago,Usa,5
Aberdeen St & Monroe St,9,8,Chicago,Usa,5
Shedd Aquarium,15,37,Chicago,Usa,5
Franklin St & Illinois St,1,9,Chicago,Usa,5
Public Rack - Stewart Ave & 123rd St,0,5,Chicago,Usa,5
Oak Park & Wellington,5,6,Chicago,Usa,5
Cottage Grove Ave & 83rd St,9,3,Chicago,Usa,5
Francisco Ave & Hollywood Ave,0,12,Chicago,Usa,5
Public Rack - Keeler Ave & Madison St S,0,3,Chicago,Usa,5
Public Rack - Milwaukee Ave & Kennedy Expy,0,4,Chicago,Usa,5
Southport Ave & Wellington Ave,6,8,Chicago,Usa,5
Kedzie Ave & 38th Pl,6,2,Chicago,Usa,5
Public Rack - Brighton Park Branch Chicago Library,0,2,Chicago,Usa,5
Public Rack - Bell Ave & 95th St,0,2,Chicago,Usa,5
Public Rack - Western Ave & 106th St - East,0,1,Chicago,Usa,5
Narragansett Ave & McLean Ave,5,8,Chicago,Usa,5
Public Rack - Garfield Park Conservatory,0,2,Chicago,Usa,5
California Ave & Cortez St,5,9,Chicago,Usa,5
Wentworth Ave & 35th St,0,14,Chicago,Usa,5
Kildare Ave & North Ave,6,9,Chicago,Usa,5
Public Rack - Canfield & Victoria,0,1,Chicago,Usa,5
Cottage Grove Ave & Oakwood Blvd,6,9,Chicago,Usa,5
Sacramento Ave & 25th St,2,9,Chicago,Usa,5
Sheridan Rd & Loyola Ave,15,6,Chicago,Usa,5
Public Rack - Justine St & 87th St,3,0,Chicago,Usa,5
Public Rack - Rockwell & Division,0,1,Chicago,Usa,5
Public Rack - Langley Ave & 49th St,0,3,Chicago,Usa,5
Public Rack - Ewing Ave & Indianapolis Ave,0,1,Chicago,Usa,5
May St & Cullerton St,5,6,Chicago,Usa,5
Menard Ave & Lawrence Ave,2,12,Chicago,Usa,5
Pershing Rd & Sacramento Ave,4,11,Chicago,Usa,5
Ritchie Ct & Banks St,2,11,Chicago,Usa,5
Hampden Ct & Diversey Pkwy,6,8,Chicago,Usa,5
Public Rack - Hoyne Ave & 110th Pl,0,2,Chicago,Usa,5
Public Rack - 83rd St (Avalon Park) Metra,0,1,Chicago,Usa,5
California Ave & Madison St,1,14,Chicago,Usa,5
State St & Pearson St,6,20,Chicago,Usa,5
Springfield Ave & 80th St,5,10,Chicago,Usa,5
Vernon Ave & 107th St,4,11,Chicago,Usa,5
Field Blvd & South Water St,1,1,Chicago,Usa,5
Public Rack - Homan Ave & 111th St,0,1,Chicago,Usa,5
Public Rack - South Shore Dr & 71st St,0,2,Chicago,Usa,5
Mozart St & Jackson Blvd,2,9,Chicago,Usa,5
Michigan Ave & Jackson Blvd,1,22,Chicago,Usa,5
Public Rack - 4810 Keeler Ave,0,2,Chicago,Usa,5
Pulaski Rd & Lake St,2,9,Chicago,Usa,5
Public Rack - Columbus & 79th,0,2,Chicago,Usa,5
Public Rack - Homan & 77th,0,2,Chicago,Usa,5
Public Rack - Division St & Christiana Ave,0,2,Chicago,Usa,5
Elizabeth St & Fulton St,8,5,Chicago,Usa,5
Public Rack - Prairie Ave & 47th St ,0,1,Chicago,Usa,5
Wells St & Randolph St Corral,0,18,Chicago,Usa,5
Public Rack - Indiana Ave & 111th St,0,9,Chicago,Usa,5
Public Rack - Milwaukee Ave & Waveland Ave,0,1,Chicago,Usa,5
Clinton St & Polk St,0,13,Chicago,Usa,5
Public Rack - Cottage Grove Ave & 89th Pl,0,1,Chicago,Usa,5
Olive Harvey College,0,15,Chicago,Usa,5
Public Rack - Mango & Higgins,0,1,Chicago,Usa,5
Public Rack - Vincennes Ave & 77th St,0,1,Chicago,Usa,5
Public Rack - Neva & Foster,0,2,Chicago,Usa,5
Public Rack - Elston Ave & Gunnison St,0,2,Chicago,Usa,5
Lincoln Ave & Roscoe St*,0,3,Chicago,Usa,5
Public Rack - Prairie Ave & Garfield Blvd S,1,9,Chicago,Usa,5
Public Rack - Hyde Park Blvd & 53rd St,0,6,Chicago,Usa,5
Public Rack - Melvina Ave & Montrose Ave,1,5,Chicago,Usa,5
Sayre Ave & Diversey Ave,5,10,Chicago,Usa,5
Hoyne Ave & 47th St,4,6,Chicago,Usa,5
Public Rack - Ozman & Talcott,0,2,Chicago,Usa,5
Kildare Ave & Division St,3,11,Chicago,Usa,5
Public Rack - Cicero Ave & Belle Plaine Ave,0,4,Chicago,Usa,5
Indiana Ave & 26th St,0,15,Chicago,Usa,5
Public Rack - Prairie Ave & 78th St,0,3,Chicago,Usa,5
Public Rack - Trumbull Ave & 111th St,1,0,Chicago,Usa,5
Morgan St & 31st St,6,5,Chicago,Usa,5
Public Rack - Ashland Ave & 83rd St,0,1,Chicago,Usa,5
Torrence Ave & 126th Pl,2,12,Chicago,Usa,5
Stony Island Ave & South Chicago Ave,2,8,Chicago,Usa,5
Public Rack - Christiana Ave & Lawrence Ave,0,2,Chicago,Usa,5
Public Rack - Longwood Dr & 111th St,0,2,Chicago,Usa,5
Public Rack - Washtenaw Ave & 63rd St,0,2,Chicago,Usa,5
Public Rack - Sacramento Ave & Greenleaf Ave,0,6,Chicago,Usa,5
Cicero Ave & Lake St,0,11,Chicago,Usa,5
Latrobe Ave & Chicago Ave,2,5,Chicago,Usa,5
Damen Ave & Cortland St,15,3,Chicago,Usa,5
Karlov Ave & Madison St,1,10,Chicago,Usa,5
Jeffery Blvd & 67th St,4,6,Chicago,Usa,5
Lincoln Ave & Belle Plaine Ave,5,4,Chicago,Usa,5
Public Rack - Olmstead Ave & Oliphant Ave,0,3,Chicago,Usa,5
Public Rack - Throop St & 58th St,0,2,Chicago,Usa,5
Navy Pier,29,42,Chicago,Usa,5
Public Rack - Kedzie & 73rd,0,4,Chicago,Usa,5
Narragansett Ave & Montrose Ave,3,13,Chicago,Usa,5
Racine Ave & Belmont Ave,1,14,Chicago,Usa,5
Vernon Ave & 75th St,4,7,Chicago,Usa,5
Princeton Ave & Garfield Blvd,4,5,Chicago,Usa,5
La Villita Park,1,13,Chicago,Usa,5
Kilbourn Ave & 49th St,6,5,Chicago,Usa,5
Public Rack - Northwest Hwy & Neva Ave,0,2,Chicago,Usa,5
Public Rack - N Narragansett Ave & Grand Ave,0,1,Chicago,Usa,5
Public Rack - Sawyer Ave & Bryn Mawr Ave - SE,3,0,Chicago,Usa,5
Ellis Ave & 58th St,4,15,Chicago,Usa,5
Rush St & Superior St,4,17,Chicago,Usa,5
Public Rack - 10101 S Stony Island Ave,0,2,Chicago,Usa,5
Carpenter St & 63rd St,3,4,Chicago,Usa,5
Kedzie Ave & 21st St,3,8,Chicago,Usa,5
Financial Pl & Ida B Wells Dr,2,24,Chicago,Usa,5
Larrabee St & Menomonee St,4,10,Chicago,Usa,5
Stony Island Ave & 75th St,1,10,Chicago,Usa,5
Public Rack - Linder Ave & 64th Pl,4,0,Chicago,Usa,5
Public Rack - Lavergne & Lawrence,0,2,Chicago,Usa,5
Franklin St & Lake St,0,34,Chicago,Usa,5
Public Rack - Kostner Ave & Armitage Ave,1,0,Chicago,Usa,5
Delano Ct & Roosevelt Rd,16,3,Chicago,Usa,5
Public Rack - Higgins Ave & Neva Ave,0,2,Chicago,Usa,5
Martin Luther King Dr & 87th St,4,11,Chicago,Usa,5
Public Rack - Langley Ave & 87th St,0,1,Chicago,Usa,5
Public Rack - Ashland Ave & 71st St,1,1,Chicago,Usa,5
Michigan Ave & Washington St,9,32,Chicago,Usa,5
Commercial Ave & 130th St,4,11,Chicago,Usa,5
Homewood Ave & 115th St,2,13,Chicago,Usa,5
Public Rack - Maplewood Ave & 47th St,0,1,Chicago,Usa,5
Canal St & Adams St,11,30,Chicago,Usa,5
Ewing Ave & 98th St,6,8,Chicago,Usa,5
Halsted St & 123rd St,4,12,Chicago,Usa,5
Greenwood Ave & 91st St,4,11,Chicago,Usa,5
Mason Ave & Belmont Ave,0,11,Chicago,Usa,5
Public Rack - Whipple St & 26th St,0,2,Chicago,Usa,5
Public Rack - Menard Ave & Adams Blvd,0,2,Chicago,Usa,5
Komensky Ave & 47th St,3,12,Chicago,Usa,5
Campbell Ave & Augusta Blvd,0,9,Chicago,Usa,5
Elizabeth St & 92nd St,7,8,Chicago,Usa,5
Kedzie Ave & Milwaukee Ave,27,2,Chicago,Usa,5
Claremont Ave & Hirsch St,4,5,Chicago,Usa,5
Keeler Ave & Roosevelt Rd,5,7,Chicago,Usa,5
Public Rack - Leoti Ave & Central Ave (north),0,4,Chicago,Usa,5
Augusta Blvd & Laramie Ave,3,8,Chicago,Usa,5
Cicero Ave & Roscoe Ave,3,7,Chicago,Usa,5
Public Rack - Pratt Ave & Odell Ave,0,4,Chicago,Usa,5
Public Rack - Kinzua Ave & Devon Ave,0,3,Chicago,Usa,5
McCormick Blvd & Devon Ave,2,9,Chicago,Usa,5
Clarendon Ave & Gordon Ter,2,11,Chicago,Usa,5
Public Rack - Laramie Ave & Warwick Ave,0,5,Chicago,Usa,5
Mason Ave & Montrose Ave,5,11,Chicago,Usa,5
Roscoe & Harlem,3,8,Chicago,Usa,5
Springfield Ave & North Ave,0,15,Chicago,Usa,5
Paulina St & Howard St,16,2,Chicago,Usa,5
Cityfront Plaza Dr & Pioneer Ct,1,23,Chicago,Usa,5
Ewing Ave & 97th St,1,14,Chicago,Usa,5
Public Rack - Vincennes Ave & 99th St,0,1,Chicago,Usa,5
Dorchester Ave & 63rd St,4,5,Chicago,Usa,5
Clark St & Berwyn Ave,5,3,Chicago,Usa,5
Public Rack - Kedzie Ave & Chicago Ave,0,1,Chicago,Usa,5
Public Rack - Greenwood Ave & Lake Park Ave,0,1,Chicago,Usa,5
Kedzie Ave & 66th Pl,1,13,Chicago,Usa,5
Public Rack - Spaulding Ave & North Ave,0,4,Chicago,Usa,5
Clark St & Winnemac Ave,1,13,Chicago,Usa,5
Leavitt St & Armitage Ave,0,9,Chicago,Usa,5
Public Rack - Harriet E Sayre Public School,0,3,Chicago,Usa,5
Public Rack - Western Ave & 62nd St,0,1,Chicago,Usa,5
Indiana Ave & Roosevelt Rd,21,13,Chicago,Usa,5
Public Rack - Oglesby Ave & 105th St,0,1,Chicago,Usa,5
Ewing Ave & Burnham Greenway,3,8,Chicago,Usa,5
Addison/Sheffield SE Corral,1,119,Chicago,Usa,5
Campbell Ave & North Ave,2,11,Chicago,Usa,5
Ellis Ave & 83rd St,0,11,Chicago,Usa,5
Public Rack - Percy Julian HS,0,3,Chicago,Usa,5
Public Rack - Rhodes Ave & 79th St,0,1,Chicago,Usa,5
Montrose Harbor,22,6,Chicago,Usa,5
Canal St & Harrison St,2,10,Chicago,Usa,5
