country,city,glis,percent,Region
Belgium,Bruxelles,268.0,7.070707070707071,Europe
Canada,Montréal,2415.0,-19.297620108744095,America
Canada,Toronto,423.0,-1.2336719883889695,America
France,Lyon,221.0,-4.8138297872340425,Europe
France,Paris,1655.0,-7.699279923460396,Europe
Germany,Berlin,1146.0,28.57861635220126,Europe
Ireland,Dublin,21.0,0.6617647058823529,Europe
Norway,Oslo,178.0,-8.146639511201629,Europe
Spain,Barcelona,100.0,0.8239871824216067,Europe
Spain,Sevilla,90.0,2.986348122866894,Europe
Spain,Valencia,355.0,17.719568567026194,Europe
United Kingdom,London,1359.0,15.389022573622093,Europe
Usa,Boston,316.0,-4.9969281179602705,America
Usa,Chicago,925.0,15.148921602191031,America
Usa,New York,694.0,-1.7907902217168845,America
Usa,Washington,691.0,-10.139566167815705,America
